category,title,content,url,date
politics,‘종전 선언’ 논의 급물살…어떤 내용이 담길까?,"
<iframe _src=""/main/readVod.nhn?oid=056&amp;aid=0010583286&amp;position=1&amp;autoPlay=true&amp;foreignPlayVod=true&amp;viewType="" allowfullscreen="""" frameborder=""0"" height=""363"" marginheight=""0"" marginwidth=""0"" title=""영상 플레이어"" width=""647""> [앵커]  북미 정상회담을 앞두고  트럼프 대통령이 북한과 종전 문제를 논의할 수 있다고  공식적으로 밝혔습니다.   남북미 3 자가 함께 종전선언을 추진하는 방안이 조심스럽게 거론되고 있습니다.    정혜미 기자의 보도입니다.  [리포트] 지난 1일, 김영철 북한 노동당 부위원장을 만난 트럼프 대통령은 12일 북미정상회담을 공식화하고 '종전 선언'가능성을 언급했습니다.[트럼프/미국 대통령/지난 1일 : ""우리는 전쟁을 끝내는 것에 대해서 얘기했습니다. 아시다시피 (휴전 상태로) 이 전쟁은 계속 지속되고 있고 거의 70년 가까이 됐지요. 맞나요?""] 이번 북미회담에서 65년 묵은 정전 상황이 해소될 수 있음을 시사한 것입니다. 종전선언은 북미정상회담 전후로 이뤄질 가능성이 제기됩니다. 문재인 대통령이 지난달 말 남북정상회담 이후 남북미 3국의 종전선언이 추진됐으면 좋겠다고 밝힌 만큼, 싱가포르에서 세 나라 정상이 종전선언을 할 가능성이 한층 더 커진 상황입니다. 종전선언 내용문에는 '전쟁을 끝내고 적대 관계를 해소한다'는 큰 틀의 합의가 담길 것으로 예상됩니다. 다만, 정치적 선언이어서 구속력 있는 문구보다는 평화체제 로드맵을 위한 원칙이 담길 것으로 보입니다.[홍민/통일연구원 북한연구실장 : ""비핵화와 평화 정착과 관계정상화라는 이것들을 남북미가 서로 동시에 추진하겠다. 평화협정을 체결할 때까지 서로 평화적으로 행동하고 우호와 협력을 (강화해 나갈 것이다.)""] 종전 선언이 이뤄지기 위한 전제 조건은 비핵화와 체제보장에 대한 북미 간 합의가 선행되어야 한다는 것입니다. 이때문에 청와대는 3자 종전선언은 북미정상회담 성공과  연동되어 있다며 신중한 입장을 보이고 있습니다. KBS 뉴스 정혜미입니다.정혜미기자 (with@kbs.co.kr)[저작권자ⓒ KBS 무단복제-재배포 금지]▶ 생생한 [취재후] 클릭!▶ 선거는 KBS ‘지선아!’

",http://news.naver.com/main/ranking/read.nhn?rankingType=popular_day&oid=056&aid=0010583286&date=20180604&type=2&rankingSectionId=100&rankingSeq=1,20180604
politics,6.13 재보궐 선거…민주당 11곳 앞서,"
	
	[뉴스데스크]◀ 앵커 ▶6.13 지방선거에서는 국회의원 재보선도 치러지죠. 모두 12곳, '미니 총선급'입니다.MBC 등 방송 3사가 공동여론조사를 해봤더니 11곳에서 민주당 우세로 나타났습니다.정시내 기자입니다.◀ 리포트 ▶수도권 격전지 서울 노원병에선 노원구청장 출신, 민주당 김성환 46.6%로 각각 11.5, 5.7%에 그친 이준석, 강연재 후보를 크게 앞섰습니다.또 다른 관심 지역구 서울 송파을입니다. 친문 핵심인 민주당 최재성 39.2, 한국당 배현진 18.4, 바른미래당 박종진 6.3% 순이었습니다. 인천 남동갑도 민주당 맹성규 41, 한국당 윤형모 10.2%로, 역시 민주당 우세였습니다.다음은 영남, 먼저 이른바 부·울·경 지역입니다.부산 해운대을은 민주당 윤준호 35.7%로 한국당 김대식 16.3%를 앞섰습니다. 울산 북구는 민주당 이상헌 30%였고, 한국당 박대동 17.2, 진보 단일후보인 민중당 권오길 8.7% 순이었습니다. 김경수 전 의원의 지역구인 경남 김해을에선 민주당 김정호 47.2%로 한국당 서종길 12.8%를 30%P 이상 앞섰습니다. 유일하게 민주당 후보가 없는 경북 김천에서는 무소속 최대원 29.1, 한국당 송언석 22.8%로 오차범위 내 접전이었습니다. 이곳은 특히 50%에 달하는 부동층의 향배가 변수로 예측됐습니다. 민주당과 평화당의 승부가 관심인 광주 서구갑은 민주당 송갑석 53.1%로, 평화당 김명진 4.4%를 크게 앞섰습니다. 전남 영암무안신안도 민주당 서삼석 49.4, 평화당 이윤석 16.6%로 민주당이 우세했습니다. 충북 제천 단양은 민주당 이후삼 35.8, 한국당 엄태영 22.5%로 비록 오차범위 밖이지만 부동층도 40%에 달해 접전 양상인 것으로 분석됐습니다.충남 천안갑은 민주당 이규희 39.2, 한국당 길환영 11.9%로 조사됐고, 천안병에선 민주당 윤일규 45.2%로 한국당 이창수 10.2%를 크게 앞섰습니다. 정당지지율은 경북 김천을 제외한 11곳에서 민주당 지지도가 높게 나타났습니다.이번 조사는 MBC 등 방송 3사가 코리아리서치센터 등 3곳에 의뢰해 지난 1일부터 사흘간 12개 재보궐 선거구에서 각각 19세 이상 남녀 5백 명 이상씩을 유무선 전화면접 조사했고, 표본오차는 95% 신뢰수준에서 ±4.4%P입니다. MBC뉴스 정시내입니다.정시내 기자 (stream@mbc.co.kr)[저작권자(c) MBC (http://imnews.imbc.com) 무단복제-재배포 금지]▶ [선택2018] 心부름X랩 부르기 이벤트 참여하기Copyright(c) Since 1996, MBC&amp;iMBC All rights reserved.
	
",http://news.naver.com/main/ranking/read.nhn?rankingType=popular_day&oid=214&aid=0000843778&date=20180604&type=2&rankingSectionId=100&rankingSeq=2,20180604
politics,[단독] '해외 비밀요원 명단' 팔아넘긴 정보사 간부들 구속,"
	
	&lt;앵커&gt;국군 정보사령부 간부들이 1백 건 넘는 군사기밀을 돈을 받고 해외로 팔아넘긴 혐의로 검찰에 구속됐습니다. 이들이 유출한 기밀에는 해외에서 활동하는 비밀 정보요원 명단도 포함된 것으로 검찰 수사 결과 드러났습니다. 비밀정보 요원들이 위험에 노출됐었던 겁니다.임찬종 기자의 단독보도입니다.&lt;기자&gt;검찰은 지난주에 국군 정보사령부 출신 황 모 씨와 홍 모 씨를 구속했습니다. 정보사가 보관하던 군사기밀을 다른 나라에 빼돌린 혐의입니다.지난 4월까지 정보사 공작팀장으로 근무했던 황 씨는 지난 2013년부터 수년 동안 군사기밀 1백여 건을 휴대전화로 촬영하는 수법 등으로 유출한 혐의를 받고 있습니다.황 씨는 확보한 기밀을 선배 공작팀장이었던 홍 씨에게 돈을 받고 넘긴 것으로 검찰 수사 결과 드러났습니다.홍 씨는 넘겨받은 기밀을 A 국가와 B 국가 요원들에게 다시 수천만 원을 받고 팔아넘긴 것으로 알려졌습니다.특히 A 국가에 넘긴 정보 중에는 해당 국가에서 활동 중인 비밀 정보요원들의 명단도 있는 것으로 검찰 조사 결과 드러났습니다.군은 유출 정황을 확인한 뒤 요원들이 위험하다고 판단해 급히 귀국시킨 것으로 알려졌습니다.B 국가에도 정보사에서 수집했던 주요 국가들의 무기 정보 등 민감한 기밀들이 넘어간 것으로 조사됐습니다.그런데도 군은 지난 4월 기밀 유출 정황을 파악하고도 한 달 가까이 수사에 착수하지 않다가 황 씨를 파면 조치한 뒤 지난달에야 민간 검찰에 수사 의뢰했습니다.이 과정에서 유출된 기밀을 넘겨받은 다른 나라 외교관 1명은 본국으로 귀국한 것으로 알려졌습니다.검찰은 황 씨 등이 오랫동안 기밀을 빼내 온 만큼 우리나라 군사기밀 등 유출된 군사기밀이 더 있는지 또 군이 수사에 미온적이었던 배경이 무엇인지 등에 대해 수사를 벌이고 있습니다.(영상취재 : 김태훈, 영상편집 : 정성훈) 임찬종 기자(cjyim@sbs.co.kr)☞ [선거방송의 강자] SBS가 전하는 6.13 지방선거!☞ [마부작침 #페이미투] 남녀 임금차별 실상 공개☞ [다시 뜨겁게! 러시아월드컵 뉴스 특집] 바로가기※ ⓒ SBS &amp; SBS Digital News Lab. : 무단복제 및 재배포 금지
	
",http://news.naver.com/main/ranking/read.nhn?rankingType=popular_day&oid=055&aid=0000646322&date=20180604&type=2&rankingSectionId=100&rankingSeq=3,20180604
politics,[여론조사①] 재보선 12곳 중 후보 낸 11곳 '민주당 우세',"
	
	[2018 국민의 선택]&lt;앵커&gt;오늘(4일) 8시 뉴스는 다음 주 수요일 지방선거를 앞두고 민심을 엿볼 수 있는 여론조사 결과로 시작하겠습니다. 이번 선거에서는 지역 일꾼과 함께 전국 12곳의 국회의원도 다시 뽑게 됩니다. SBS가 KBS, MBC와 함께 국회의원 재보궐 선거 여론조사를 했는데 민주당이 후보를 낸 11곳에서 모두 우세를 보였습니다.먼저 수도권과 충청권 결과, 민경호 기자입니다.&lt;기자&gt;서울 송파을 유권자들에게 물었습니다. 민주당 최재성 후보에게 투표하겠다는 응답이 39.2%로 가장 많았고 한국당 배현진 후보 18.4, 바른미래당 박종진 후보 6.3%로 나타났습니다.안철수 전 의원 지역구였던 서울 노원병에서도 민주당 김성환 후보가 46.6%로 1위였습니다.바른미래당 이준석 11.5, 한국당 강연재 후보 5.7%입니다.인천 남동갑에서는 민주당 맹성규 후보 41.0, 한국당 윤형모 10.2, 바른미래당 김명수 2.9, 정의당 이혁재 후보는 1.0%입니다.과거 새누리당 지역구였던 천안갑과 제천-단양을 비롯해 충청권도 민주당 우세였습니다.충남 천안 병은 민주당 윤일규 45.2%, 한국당 이창수 후보 10.2, 바른미래당 박중현 2.4, 애국당 최기덕 후보 0.4%입니다.충남 천안갑도 민주당 이규희 후보가 39.2%로 1위, 한국당 길환영 11.9, 바른미래당 이정원 2.6, 애국당 조세빈 후보 0.4%입니다.충북 제천-단양에서도 민주당 이후삼 후보가 35.8로 앞서고, 한국당 엄태영 22.5, 바른미래당 이찬구 후보 2.4%였습니다.수도권과 충청 6곳 모두 민주당 후보가 오차범위를 넘는 우세를 보였고 뒤따르는 후보와 격차가 가장 적은 곳은 충북 제천-단양으로 13.3% 포인트, 가장 격차가 큰 곳은 서울 노원병으로 35.1% 포인트 차이입니다.(영상편집 : 이승희, CG : 류상수)▶ [KEP 공동 1차 여론조사 보고서] 다운받기  ▶ [여론조사②] 자유한국당, '지역 기반' 영남서도 고전 민경호 기자(ho@sbs.co.kr)☞ [선거방송의 강자] SBS가 전하는 6.13 지방선거!☞ [마부작침 #페이미투] 남녀 임금차별 실상 공개☞ [다시 뜨겁게! 러시아월드컵 뉴스 특집] 바로가기※ ⓒ SBS &amp; SBS Digital News Lab. : 무단복제 및 재배포 금지
	
",http://news.naver.com/main/ranking/read.nhn?rankingType=popular_day&oid=055&aid=0000646315&date=20180604&type=2&rankingSectionId=100&rankingSeq=4,20180604
politics,"김문수 ""미군 철수하면 적화통일…나는 '총살' 될 것""(종합)","
숱한 논란 남긴 외신기자 회견…安과 단일화는 '일축'김문수 자유한국당 서울시장 후보가 4일 오후 서울 중구 프레스센터에서 열린 외신기자회견에 참석하고 있다. 2018.6.4/뉴스1 © News1 신웅수 기자(서울=뉴스1) 강성규 기자 = 김문수 자유한국당 6·13지방선거 서울시장 후보가 ""(주한미군이) 철수하면 한국은 적화(통일)된다""며 ""저는 일단 총살 될 것""이라고 밝혔다. 김 후보는 이날 오후 서울 프레스센터에서 열린 외신기자클럽 기자회견에서 한반도 평화협정 체결 이후 경제 등 파급효과를 묻는 기자의 질문에 평화협정시 주한미군 철수 가능성을 시사하며 ""경제도 좋은데 저는 일단 총살될 것 같다""며 이렇게 말했다.김 후보는 '정말로 죽을 것이라 생각하나'는 기자의 질문에도 ""장성택(김정은 국무위원장의 고모부)도 죽고, 김정남(김정은 위원장의 형)도, 다 총살하는데 저라고 안 죽겠냐""고 재차 답했다.이어 ""저는 탈북자들을 많이 아는데 저같은 사람이 북한에서 살아남는다는 것은 불가능하다""면서 ""북한 김정은 체제에서 제가 살 수 없다. 열 손가락 안에 먼저 죽을 것""이라고 했다.또 ""저는 절대 공산국가에서 못 산다""며 ""말 안하고는 못 산다. 양심에 벗어나는 행위를 하고 못 산다. 언론인들도 대부분 죽는다""고 주장했다.김 후보는 이외에도 논란이 예상되는 발언들을 이날 회견에서 쏟아냈다.김 후보는 '위안부 소녀상' 관련 일본 도쿄신문 기자의 질문에 ""계속 소녀상을 만들어서 그 얘기를 하는 것이 역사적으로 공부를 하기 위해서 하는 건 좋다""면서도 ""그러나 한일관계를 해치기 위해서 하는 건 반대""라고 답했다.김 후보는 또 한반도 정세 관련 최근 트럼프 미국 대통령의 행보에 대해 ""(트럼프 대통령이) 김정은이랑 잘 맞아서 (주한)미군철수 한다 그럼 우리는 어떻게 하냐""며 ""북핵폐기를 못하고 그냥 집에 가버리면(임기를 마치면) 어떻게 해야하는지 우려를 하고 있다""고 주장했다. 그는 ""북한은 정상적인 국가가 아니다""라며 ""그런데 문재인 대통령이 최근 하고 있는 방식은 우려하는 바가 많다""고 비판했다.김 후보는 최근 이슈가 된 이른바 '류경식당 탈북자' 송환 문제에 대해서도 ""죽음으로 돌려보내는 일은 찬성할 수 없다""면서 ""그분들의 경우에 무슨 근거로 계속 돌려보내라고 하는지, 특히 민변에게 묻고 싶다. 무슨 근거로 (북송을 주장하는지) 조사해야 한다""고 주장했다.김 후보는 이날 기조연설을 통해선 박원순 더불어민주당 서울시장 후보의 7년간 시정을 비판하며 ""서울의 정체와 퇴보는 철지난 좌파·사회주의 정책 때문""이라고 주장했다. 김 후보는 또 남북 통일의 3대 원칙으로 Δ북한 인권 보장 Δ북한의 개혁개방 Δ자유통일 등을 제시하며, '통일 대한민국의 수도'로서 서울이 갖추고 준비해야 할 것이 많다고 강조하기도 했다.한편, 지방선거가 임박한 가운데 여전히 회자되고 있는 안철수 바른미래당 서울시장 후보와의 '야권 후보 단일화' 가능성에 대해선 김 후보는 현실적으로 어렵다며 사실상 일축했다.그는 ""이제 (지방선거까지) 9일밖에 안 남았는데 단일화하기에는 시간이 늦었다""며 또 ""안 후보나 저나 (서울시) 25개 구청장 시·구의원 후보 이렇게 덩어리로 있는데 둘중에 누가 그만두면 그 밑에 100명 이상이 그만 두는 것""이라고 전했다.그러면서 ""이는 구체적으로 풀 수없는 문제라 단일화는 시간상으로 불가능한 상태""라고 덧붙였다.sgkk@news1.kr▶ [뉴스1] 채널설정하기 ▶ 제보하기▶ ‘6·13지방선거’ 뉴스보기[© 뉴스1코리아(news1.kr), 무단 전재 및 재배포 금지]

",http://news.naver.com/main/ranking/read.nhn?rankingType=popular_day&oid=421&aid=0003409203&date=20180604&type=1&rankingSectionId=100&rankingSeq=5,20180604
politics,"""라돈 침대, 정부가 우체국망 이용해 신속히 수거""","
        
        &lt;앵커&gt;라돈 침대 사태와 관련해 업체의 리콜이 지지부진하자 문재인 대통령이 신속한 수거를 위해 정부가 할 수 있는 모든 조치를 하라고 지시했습니다. 정부는 우체국 망을 동원해 이번 달 안에 수거를 완료하겠다고 밝혔습니다.강청완 기자입니다.&lt;기자&gt;문재인 대통령은 이낙연 국무총리와의 주례회동에서 라돈 침대 문제는 ""신속한 수거가 가장 중요하다""고 강조했습니다.또 업체에만 맡기지 말고 ""정부가 할 수 있는 모든 조치를 취할 것과 수거 및 조사 과정에서 제기되는 문제는 무엇이든 투명하게 발표하라""고 지시했습니다.회동에서 이낙연 총리가 라돈 침대 리콜 진행 상황을 보고한 데 따른 지시입니다.앞서 이 총리는 신속한 수거를 위해 우체국 망을 이용한 일시수거 방안을 추진하고 있다면서 이번 달 중으로 라돈 검출 침대 8만 8천 개의 수거를 모두 완료하겠다고 밝혔습니다.지난달 3일 SBS의 라돈 침대 보도 이후 리콜이 시작된 지 한 달이 되어가지만 실제 리콜 조치는 여전히 지지부진하다는 소비자들의 불만과 각계의 지적이 이어져 왔습니다.[안종주/사회적참사 특별조사위원 : 대진 침대 쪽에 정부가 도움을 준 것은 물류회사 이런 것들을 소개를 해준 정도… 그 외에는 일체, 전혀 관여한 바가 없습니다.]사회적참사 특별조사위원회는 리콜 대상 침대 가운데 수거된 건 4천 5백여 개에 불과하다고 정부의 미흡한 대처를 질타했습니다.(영상취재 : 조춘동, 영상편집 : 김선탁) 강청완 기자(blue@sbs.co.kr)☞ [선거방송의 강자] SBS가 전하는 6.13 지방선거!☞ [마부작침 #페이미투] 남녀 임금차별 실상 공개☞ [다시 뜨겁게! 러시아월드컵 뉴스 특집] 바로가기※ ⓒ SBS &amp; SBS Digital News Lab. : 무단복제 및 재배포 금지
        
",http://news.naver.com/main/ranking/read.nhn?rankingType=popular_day&oid=055&aid=0000646329&date=20180604&type=2&rankingSectionId=100&rankingSeq=6,20180604
politics,"남경필, 선관위 항의방문 ""벽보·공보물 누락 고의적…대국민 사과·재발 방지책 마련해야""","
        
        자유한국당 남경필 경기지사 후보가 4일 오후 자신의 선거 벽보 미부착, 공보물 미발송 등과 관련해 재발 방지와 사과를 촉구하며 경기도 선거관리위원회를 항의 방문했다.앞서 일부 경기 지역에서는 거리에 부착되는 선거 벽보에 기호 2번인 남 후보의 벽보 대신 기호 1번인 더불어민주당 이재명 후보의 벽보가 두 장 붙어 논란이 됐다. 또 우편으로 배달되는 책자형 선거 공보 우편물에 남 후보의 공보물이 빠지고 이 후보의 공보물만 두 장 수록됐다는 주장도 제기됐다.남 후보는 이날 저녁 경기도 수원시 영통구 경기도선관위를 방문한 자리에서 “선관위의 계속된 실수는 상당히 고의적으로 본다”며 “다시는 이런 일이 있어서는 안 된다”고 했다. 남 후보는 “선관위가 이 문제에 대한 철저한 진상조사를 통해 명백한 입장을 밝혀야 하는데 아직까지 일언반구 해명이 없다”며 “이같이 중대한 문제가 터졌으면 선관위가 선제적으로 잘못된 점에 대해 국민에게 사과하고 재발 방지에 대한 입장을 밝혀야 한다”고 했다. 남 후보는 “특정 후보에게 유리하고 불리한 일이 반복되고 있으니 선관위가 국민들에게 소상히 설명해 달라”고도 했다.이에 대해 선관위 관계자는 “보고받기로는 그런 일이 간혹 있을 수 있다고 한다”며 “고의적인 게 아니라 단순한 종사원의 실수라고 보고 받았다”고 했다. 이 관계자는 그러면서 “그래도 그런 일이 있어서는 안 된다고 질책했고, 자꾸 남 후보한테만 이런 일이 있어서 왜 자꾸 이런 일이 벌어지냐는 이야기까지도 나눴다”고 했다.민주당 이재명 후보 캠프도 앞서 입장을 내고 유감을 표했다. 이 후보 측은 “선관위의 이번 실수는 유권자의 알 권리를 침해할 뿐 아니라 선거가 공정하게 치러지고 있는지에 대한 우려마저 키우고 있다”며 “재발 방지 대책을 철저히 수립해야 한다”고 했다./자유한국당 남경필 경기지사 후보 캠프 제공.이날 오전 화성시 동탄2신도시 한 아파트의 주민 등은 이재명 후보의 선거 공보물이 두 장인 사진을 인터넷 상에 올리며 “우편으로 온 선거 공보물에 이재명 후보의 공보물이 2장 들어있고, 남경필 후보의 공보물은 없었다”고 주장했다. 한 네티즌은 “퇴근하고 오니 이 후보님 (공보물이) 두 장 들어 있다. 이게 뭔가. 이건 의도적”이라고 했다.앞서 지난 2일 부천 지역 등에서 남 후보 선거 벽보 대신 이재명 후보의 벽보 2장이 나란히 붙어 논란이 됐었다. 1일 구리시에서는 남 후보의 벽보가 기호 3번 바른미래당 김영환 후보 벽보 자리에 붙어 있기도 했다.[이옥진 기자 <a href=""mailto:june12@chosunbiz.com"">june12@chosunbiz.com] [조선닷컴 바로가기][조선일보 구독신청하기] - Copyrights ⓒ 조선일보 &amp; chosun.com, 무단 전재 및 재배포 금지 -
        
",http://news.naver.com/main/ranking/read.nhn?rankingType=popular_day&oid=023&aid=0003377753&date=20180604&type=1&rankingSectionId=100&rankingSeq=7,20180604
politics,"[여론조사②] 자유한국당, '지역 기반' 영남서도 고전","
        
        [2018 국민의 선택]&lt;앵커&gt;보신대로 야권이 고전하고 있는 것으로 나타났는데 특히 제1야당인 한국당은 전통적 지지기반이라고 할 수 있는 영남 지역에서도 열세인 것으로 나타났습니다.계속해서 영·호남 여론 조사결과 권란 기자가 전해드립니다.&lt;기자&gt;재보선 지역 12곳 가운데 민주당이 지지율 1위가 아닌 곳은 후보를 못 낸 경북 김천뿐입니다.그런데 여기서도 한국당 송언석 후보는 22.8%로 한국당을 탈당해 무소속 출마한 최대원 후보와 오차 범위 안에 있습니다.부·울·경 표심도 변화가 엿보입니다.부산 해운대 을에서는 민주당 윤준호 후보가 35.7, 한국당 김대식 16.3%였고, 바른미래당 이해성·민중당 고창권·무소속 이준우·애국당 한근형 후보는 한 자릿수 지지를 얻었습니다.울산 북구도 민주당 이상헌 30.0, 한국당 박대동 17.2, 민중당 권오길 8.7, 바른미래당 강석구 3.0 무소속 박재묵 후보는 0.4%였습니다.경남 김해을은 민주당 김정호 후보가 47.2, 한국당 서종길 12.8, 무소속 이영철 5.1, 애국당 김재국 0.3%였습니다.호남에서도 민주당 우세가 두드러졌습니다.광주 서구갑은 민주당 송갑석 후보가 53.1로 나타난 반면 평화당 김명진 후보는 4.4%였습니다.전남 영암무안신안도 민주당 서삼석 후보가 49.4, 평화당 이윤석 후보는 16.6%를 기록했습니다.이번 조사는 SBS 등 지상파 방송 3사의 의뢰로 지난 1일부터 3일까지 각 선거구에 거주하는 만 19세 이상 남녀를 대상으로 유무선 전화면접으로 이뤄졌고 표본오차는 95% 신뢰 수준에 플러스마이너스 4.4% 포인트입니다.(영상편집 : 오노영, CG : 서승현)▶ [KEP 공동 1차 여론조사 보고서] 다운받기▶ [여론조사①] 재보선 12곳 중 후보 낸 11곳 '민주당 우세' 권란 기자(jiin@sbs.co.kr)☞ [선거방송의 강자] SBS가 전하는 6.13 지방선거!☞ [마부작침 #페이미투] 남녀 임금차별 실상 공개☞ [다시 뜨겁게! 러시아월드컵 뉴스 특집] 바로가기※ ⓒ SBS &amp; SBS Digital News Lab. : 무단복제 및 재배포 금지
        
",http://news.naver.com/main/ranking/read.nhn?rankingType=popular_day&oid=055&aid=0000646316&date=20180604&type=2&rankingSectionId=100&rankingSeq=8,20180604
politics,"김문수 ""소녀상, 한일 관계 해치기 위해 하는 건 반대""(종합)","
자유한국당 김문수 서울시장 후보가 4일 일본군 위안부 피해자를 상징하는 '소녀상'에 대해 ""길거리에 그런 걸 많이 가져다놓고 그렇게 하는 건, 상당히 일본과 한국 간 관계에 너무 자극적으로 하는건, 신중해야 하지 않겠나 생각한다""고 말했다.

김 후보는 이날 서울 중구 프레스센터에서 열린 외신기자 회견에서 ""소녀상이 일본 대사관 앞에, 꼭 그곳에 있어야 하는가. 일본 측에선 자꾸 이전을 요구하고 있는데, 만약 김 후보가 시장이 되면 어떤 방책이 있는가""라는 일본 도쿄신문 기자의 질문에 이 같이 답했다.

김 후보는 ""지나치게 일본과 자꾸 관계를 나쁘게 하는 건 저는 바람직하지 않다(고 생각한다)""며 ""물론 과거도 잊어선 안 되겠지만, 또 너무 과거에만 매달려서 사는 건 앞으로 나아가는 데 어려움이 있지 않겠나 생각한다""고 했다.

그는 ""(위안부 할머니들이) 살아계실 때 잘 모시는 건 제가 앞장서서 했는데, 돌아가신 뒤에도 계속 그 소녀상을 또 만들어서 여기저기 갖다놓고, 계속 그 얘기를 하고 있다는 것이…""라며 ""역사적으로 공부를 하기 위해서 하는 건 좋다. 그러나 한일 관계를 해치기 위해 하는 건 전 반대다. 천안에 있는 독립기념관이나 서울에 있는 역사관 이런 데에 하나 해 놓는 건 좋은 일이라고 본다""고 밝혔다.


종로구 옛 일본대사관 앞에 놓인 평화의 소녀상 (사진=황진환 기자/자료사진)
김 후보는 ""서울 시내에 소녀상이 몇 개가 있느냐. 저는 아직 본 적이 없다. 지금 아마 없지 않느냐""고 수차례 되물었고, 서울 종로구 일본 대사관 앞에 있다는 설명을 듣자 ""하여튼 시장이 되면 설치를 누가 했는지 봐서 일본 대사관 측과 설치한 측과 다 같이 한 번 대화의 자리를 마련해서 판단해 보도록 하겠다""고 말했다.

그러면서 ""그런 건 양국 간 우호관계를 증진시키는 방향으로, 좋은 대화가 진행될 수 있도록 자리를 마련하겠다""고 덧붙였다.

김 후보는 회견에서 남북 관계와 관련한 본인의 우려도 적극적으로 드러냈다. 그는 기조연설에서 ""북핵 문제 해결은 일괄타결이 아니라 '점진적 타결'이라는 과거 방식으로 되돌아가고 있는 듯 한 느낌""이라면서 ""북핵 문제 해결에 따른 제반비용은 주로 우리나라, 대한민국에만 비용을 맡기려는 듯 하다""고 주장했다.

김 후보는 외신기자들과의 질의응답 과정에서 ""역시 한미동맹이 중요하지만, 미국이 언젠가는 떠날지도 모른다. 우리가 자주국방을 해야겠구나라는 생각이 든다""며 ""북핵을 제거 안 하고 미군이 철수하는 일이 있다면 어떻게 해야하나. 개인적으로 걱정을 많이 하고 있다""고 밝혔다.

그는 특히 '미군이 철수한다면 그 후유증은 뭐라고 보느냐'는 질문에 ""한국은 적화된다고 봐야 한다""며 ""경제는 저는 못 먹어도 좋은데, 다만 저는 총살될 것 같다""고 말했다. 김 후보는 ""장성택도 총살되고, 김정남도 총살되고 했는데 제가 안 죽겠느냐""며 ""북한 김정은 체제에서 저는 도저히 살아남을 수 없다. 제가 열 손가락 안에 들 정도로 먼저 죽을 것""이라고 덧붙였다.

'주한미군이 철수하면 왜 공산화가 된다고 생각하느냐'는 질문에는 ""북한을 막아낼 힘이 없지 않느냐""며 ""북한이 핵을 터뜨린다고 하면 다들 항복하지, 대한민국에 누가 있겠느냐. 저는 싸우겠지만 여기에 몇 명이나 있겠느냐""고 반문했다.",http://news.naver.com/main/ranking/read.nhn?rankingType=popular_day&oid=079&aid=0003108790&date=20180604&type=1&rankingSectionId=100&rankingSeq=9,20180604
politics,"민주, 재보궐 12곳 중 11곳서 선두… 방송3사 여론조사","
민주, 송파을·PK 지역에서도 우위… 호남서도 압도적
한국, '보수텃밭' 김천서도 무소속에 밀려…1위 전무

[CBS노컷뉴스 정영철 기자]
더불어민주당이 6.13 재보궐 선거 지역 12곳 중 후보를 낸 11곳 모두에서 1위인 것으로 나타났다.

보수정당의 텃밭으로 분류돼 온 서울 송파을이나 경남 김해을에서도 민주당 후보는 우위를 보였다. 자유한국당은 '안방'이라 할수 있는 경북 김천서도 무소속 후보에게 밀리는 것으로 조사됐다.

KBS·MBC·SBS 등 지상파 방송 3사가 지난 1∼3일 칸타 퍼블릭·코리아리서치센터·한국리서치에 의뢰해 선거구별로 성인남녀 500∼506명을 대상으로 한 여론조사 결과를 보면, 민주당은 재보선 12곳 중 후보를 내지 않은 김천을 빼고 11곳에서 선두를 차지했다.

최대 관심 지역인 서울 송파을에서는 친문(친문재인)으로 꼽히는 민주당 최재성 후보가 39.2%의 지지율로 18.4%에 머문 한국당 배현진 후보를 두배 이상 차이로 앞질렀다.

바른미래당 박종진 후보는 6.4%를 그쳤다. 보수 강세지역인 강남권에서도 여당 대세론의 영향권에 들어간 것으로 분석된다.

애초 바른미래당 안철수 서울시장 후보의 지역구였던 서울 노원병에서도 민주당 김성환 후보가 46.6%로 너끈히 1위를 기록했다. 젊은 패기를 앞세운 바른미래당 이준석 후보(11.5%), 한국당 강연재 후보(5.7%)를 합친 것보다 김 후보 지지율이 높았다.

인천 남동갑은 민주당 맹성규 후보가 41.0%를, 한국당 윤형모 후보가 10.2%를 얻어 오차범위를 한참 벗어난 격차를 보였다. 이 지역은 친문 박남춘 인천 시장 후보가 지방선거에 출마하면서 재보선이 치뤄지는 곳이다.

보수 성향이 강한 부산·경남(PK) 지역도 상황은 비슷하다.

부산 해운대을은 민주당 윤준호 후보가 35.7%로, 한국당 김대식 후보(16.3%)를 큰 차이로 따돌렸다.

친문 핵심인 민주당 김경수 경남지사 후보가 배지를 달았던 경남 김해을은 같은 당 김정호 후보가 47.2%를 기록했다. 한국당 서종길 후보(12.8%)와 적지 않은 격차를 보였다.

울산 북구는 민주당 이상헌 후보가 30.0%로 1위를 기록했다. 이어 한국당 박대동 후보 17.2%, 민중당 권오길 후보 8.7%가 뒤를 이었다.

보수의 심장인 대구·경북(TK)에 속한 김천에서도 한국당은 1위를 놓쳤다. 무소속 최대원 후보가 29.1%로 한국당 송언석 후보(22.8%)를 오차 범위 내에서 앞선 것이다. 

충청권 3곳도 모두 민주당이 우위였다.

천안갑은 민주당 이규희 후보가 39.2%로, 한국당 길환영 후보(11.9%)를 압도적인 차이로 앞섰다.

천안병은 역시 민주당 윤일규 후보가 45.2%를 얻어, 10.2%에 그친 한국당 이창수 후보와 4배 이상 격차를 벌였다.

충북 제천·단양은 민주당 이후삼 후보가 35.8%, 한국당 엄태영 후보가 22.5%의 지지를 얻어 1,2위를 기록했다.

호남 지역도 민주당 강세가 두드러졌다.

광주 서구갑은 민주당 송갑석 후보가 53.1%로 과반이었고, 민주평화당 김명진 후보는 4.4%에 머물렀다. 여기는 한국당이 후보를 내지 않은 곳이다. 

전남 영암·무안·신안은 민주당 서삼석 후보가 49.4%로, 평화당 이윤석 후보(16.6%)를 큰 차이로 앞질렀다.

정당 지지도의 경우 김천을 제외한 모든 지역에서 민주당 지지도가 가장 높게 나타났다. 

이번 조사는 유무선 전화면접조사(유선 15~41%, 무선 59~85% 내외) 방법으로 실시됐으며, 통계보정은 2018년 4월 말 행정자치부 주민등록 인구 기준으로 성·연령·지역별 가중값을 부여했다.

표본오차는 95% 신뢰수준에서 ±4.4%포인트이며 응답률은 각 선거구별 10.8%~26.4%다. 자세한 내용은 중앙선거여론조사심의위원회 홈페이지를 참조하면 된다.
",http://news.naver.com/main/ranking/read.nhn?rankingType=popular_day&oid=079&aid=0003108818&date=20180604&type=0&rankingSectionId=100&rankingSeq=10,20180604
politics,북미회담 샹그릴라 확실시?…특별행사지역 지정(종합),"
싱가포르 정부 10~14일 통제…이르면 5일 경비 강화확대정상회담 등 가능성도…호텔측 ""공식연락 없어""싱가포르 정부가 6.12 북미정상회담을 앞두고 '특별 행사 지역(special event area)'으로 지정했다고 밝힌 4일 샹그릴라 호텔의 모습. 2018.6.4/뉴스1 © News1 성도현 기자(싱가포르·서울=뉴스1) 김윤경 기자,성도현 기자 = 싱가포르 정부가 4일(현지시간) 6·12 북미정상회담을 앞두고 샹그릴라 호텔 주변을 '특별행사지역'(special event area)으로 지정했다고 밝혔다.로이터통신과 싱가포르 현지 매체인 스트레이트타임스(ST) 등에 따르면 싱가포르 정부는 관보에 회담인 12일을 포함해 10~14일을 특별행사지역으로 지정했다.싱가포르 정부나 북미가 아직 회담 장소를 구체적으로 밝히지 않았지만 김정은 북한 국무위원장과 도널드 트럼프 미국 대통령의 '세기의 핵 담판'은 샹그릴라 호텔로 기우는 분위기다.원래 이날 오전만 해도 교토통신 등은 싱가포르의 대표적 휴양지인 센토사 섬 내 카펠라 호텔 또는 시내인 풀러튼 호텔이 유력하다고 보도했다.특별행사지역은 탕린(the districts of Tanglin)과 뉴튼(Newton), 오차드(Orchard) 등을 포함하며 주싱가포르 미국 대사관이 위치해 있다.또 샹그릴라를 포함해 세인트 레지스 싱가포르(St Regis Singapore)와 포시즌스(Four Seasons) 등 몇몇 대형 호텔들도 있다. 그러나 싱가포르 대통령궁(이스타나)은 제외됐다. 특히 세인트 레지스 호텔은 프레스센터 지정 가능성도 있는 것으로 알려졌다.싱가포르 정부는 이 기간에 ""양국간 정상회담과 관련된 활동이나 사회적 행사 등 일련의 회담이 있을 것""이라고 덧붙여 회담이 이곳에서 열릴 가능성이 높아졌다. 싱가포르 정부가 6.12 북미정상회담을 앞두고 '특별 행사 지역(special event area)'으로 지정했다고 밝힌 4일 샹그릴라 호텔의 모습. 2018.6.4/뉴스1 © News1 성도현 기자특히 특별행사지역이 14일까지인 점을 보면 북미정상회담 뿐만 아니라 남북한과 미국이 모여 종전선언 등을 논의하게 되는 3자 확대정상회담 가능성도 있다.싱가포르 경찰은 이 지역 내 사람과 개인 자산에 대해 더 엄격한 검사를 실시하고 공공주소 시스템과 원격 조종 항공기 시스템 등 사용이 금지될 것이라고 밝혔다.호웅 웨이텍 경찰청장은 이 지역 내 더 작은 구역을 10~14일까지 경찰력 강화가 실시되는 특별 구역으로 지정했다. 이에 따라 해당 구역에서는 깃발과 배너, 신호 플레어 및 가연성 물질과 같은 금지된 품목이 모두 허용되지 않는다. 샹그릴라 호텔에서는 매년 아시아안보회의(샹그릴라 대화)를 개최하는 등 국제적 행사를 치러낸 경험이 많다. 올해에는 지난 1~3일 제17차 샹그릴라 대화가 열렸다.이곳은 또 지난 2015년 시진핑(習近平) 중국 국가주석과 마잉주(馬英九) 당시 대만 총통의 정상회담이 열렸던 역사적인 장소이기도 하다.싱가포르 정부의 발표가 전해진 이날 저녁과 밤에는 샹그릴라 주변에 특별한 변화는 없었고 평소와 같은 한산한 모습이었다. 다만 이날 발표가 늦은 오후에 나온 점을 감안할 때 이르면 5일(현지시간)부터 주변 검문검색과 경비 등이 강화될 것으로 예상된다.샹그릴라 호텔 관계자는 뉴스1과 만나 ""아직 싱가포르 정부나 북미 대사관 측으로부터 어떠한 연락을 받은 게 없다""면서도 ""많은 싱가포르인들이 최적의 장소라고 예상했던 만큼 북미정상회담이 열리게 되면 성공적으로 될 것""이라고 말했다.dhspeople@news1.kr▶ [뉴스1] 채널설정하기 ▶ 제보하기▶ ‘6·13지방선거’ 뉴스보기[© 뉴스1코리아(news1.kr), 무단 전재 및 재배포 금지]

",http://news.naver.com/main/ranking/read.nhn?rankingType=popular_day&oid=421&aid=0003409267&date=20180604&type=1&rankingSectionId=100&rankingSeq=11,20180604
politics,"""이재명 후보 언행 너무 거칠어 거부감"" … ""남경필 후보보다 한국당이 싫어서""","
6·13 지방선거 격전지를 가다 - 경기지사네거티브 판치는 경기'형수 욕설' 음성파일 공개로초반 선거전 진흙탕 싸움 양상'진보' vs '보수' 정책 공방이재명, 3대 무상복지 실시 선언에남경필 ""청년 일자리 확대"" 맞불[ 박종필/임락근 기자  ] 6·13 지방선거의 경기도 유권자는 총 1053만 명. 서울(838만 명)을 뛰어넘어 전국에서 가장 큰 단일 선거 지역구다. 산업·주거단지 중심의 남부와 접경 지역인 북부의 민심 차이는 매번 경기지사 선거의 주요 관전 포인트였다. 하지만 이번 지방선거에서는 정책이나 안보 이슈보다 ‘네거티브’가 초반 경기지사 선거판을 주도하고 있다. 정책 검증보다 인물과 정당에 대한 ‘호불호’가 표심을 결정짓는 모양새다. 여론조사에서 앞서가는 이재명 더불어민주당 후보를 겨냥한 남경필 자유한국당 후보의 ‘형수 욕설’ 음성 파일 공개 등으로 달아오른 초반 선거전 흐름을 두 후보 진영 모두 예의 주시하고 있다. 이 후보와 남 후보는 지난해 당내 대선 경쟁에도 참여한 공통점이 있다. 이번 경기지사 선거전이 차기 대권주자들의 ‘패자부활전’이라는 관측이 나오는 이유다.이재명 더불어민주당 경기지사 후보가 지난 3일 광명시 철산동 유세 중 만난 주민들과 '셀카'를 찍고 있다.  이재명 선거캠프 제공○李·南 도덕성 경쟁?4일 광명시 철산역 삼거리에서 열린 남 후보 유세 현장에는 한국당 소속 광역·기초의원 출마 후보들이 대거 얼굴을 내밀었다. 남 후보는 오후에는 성남·하남·용인 등 경기 남부권 공략으로 유세를 이어갔다. 북부 지역에 비해 한국당 지지세가 비교적 낮은 남부벨트를 공략하는 데 힘을 쏟는 모습이었다. 남 후보는 유세지역마다 한 시간여를 머물면서 시민들의 사진 촬영에 응대하며 지지를 호소했다. 광명에 사는 남모씨(58)는 “자신의 형수에게 막말과 욕설하는 이 후보는 신뢰하기 어렵다”며 “남 후보 아들도 마약 복용 혐의가 있지만 자식 일을 어찌 내 맘대로 하겠나”라는 반응을 보였다. 이모씨(63)는 “지난해 대선 TV 토론 등을 통해 이 후보에게 호감을 가졌는데 언행이 너무 거칠어서 거부감이 든다”고 말했다.반면 30대 젊은 연령대에서는 한국당에 대한 비판이 이어졌다. 광명시 직장인 안상현 씨(30)는 “남 후보보다 한국당에 대한 이미지가 좋지 않다”며 “꼰대, 태극기부대, 막말 등이 연상된다”고 지적했다.직전까지 시장을 지내 이 후보 ‘텃밭’으로 불리는 성남시에서는 이 후보에 대한 평가가 후했다. 직장인 김성준 씨(27)는 “이 후보에게 실망스러운 건 사실이지만 남 후보 아들도 군 복무 중 후임을 폭행하지 않았느냐”며 “어차피 둘 다 도덕적인 이미지는 아니다”고 평가했다. 오모씨(42)는 “이 후보의 형 등 주변 가족 일부가 문제가 있어서 벌어진 일인 만큼 이 후보 본인 잘못은 아닌 것 같다. 남 후보는 당적을 두 번이나 옮긴 전례가 있지 않느냐”고 지적했다.이 후보는 지난달 30일 KBS 주관 토론회에서도 ‘이재명 청문회’를 방불케 할 만큼 남 후보와 김영환 바른미래당 후보 등으로부터 신상과 관련한 공격을 거세게 받았다. 이 후보는 이날 외부 활동을 취소하고 5일로 예정된 2차 TV 토론 준비에 대부분의 시간을 할애했다.○‘청년배당 vs 청년통장’이 후보와 남 후보는 복지와 청년 일자리 부분에서 확연히 다른 색깔의 공약을 내놓고 있다. 이 후보는 성남시장 재임 당시(2016년) 도입한 청년배당(24세 청년에게 분기별 25만원씩 상품권 지급)을 경기 전역으로 확대하겠다고 선언했다. 여기에 중·고교생 무상교복, 공공 산후조리원 도입 등을 합쳐 ‘3대 무상복지’를 안착시키겠다는 계획이다.반면 남 후보는 청년 근로의욕이 먼저라고 맞서고 있다. 그는 ‘일하는 청년 시리즈’를 지속적으로 확대 추진하겠다며 청년 근로자와 경기도가 반반씩 적금을 부어 목돈을 만드는 ‘청년통장’과 ‘청년연금’ 등을 확대하겠다고 했다. 남 후보는 이날 유세에서 이 후보 정책을 겨냥해 “도민들이 원하는 것은 경제와 일자리”라며 “상대방 후보는 자신을 포퓰리스트라고 한다. 도지사가 되면 무상복지 시리즈를 경기 전역으로 확대한다고 하는데 그러다 재정 파탄이 난다”고 비판했다.각종 의혹으로 경기지사 선거전에 대한 관심이 높아지고 있지만 이 후보는 여전히 50%를 넘나드는 고공 지지율을 유지하고 있다. 남 후보가 공세를 강화하고 있지만 간극이 좁혀지지 않고 있다. 뉴시스가 리서치뷰에 의뢰해 지난 1일 발표한 여론조사(1000명 대상, 지난달 28~29일 실시)에 따르면 이 후보는 53.8%, 남 후보는 30.6%, 김 후보는 3.6%를 기록했다(자세한 사항은 중앙선거여론조사심의위원회 홈페이지 참조).광명·성남=박종필/하남·용인=임락근 기자 jp@hankyung.com[한경닷컴 바로가기] [글방] [모바일한경 구독신청] ⓒ 한국경제 &amp; hankyung.com, 무단전재 및 재배포 금지
	
",http://news.naver.com/main/ranking/read.nhn?rankingType=popular_day&oid=015&aid=0003954863&date=20180604&type=1&rankingSectionId=100&rankingSeq=12,20180604
politics,[여론조사] 박원순·김경수 1위…김문수·안철수 초접전,"
	
	【 앵커멘트 】  9일 앞으로 다가온 6.13 지방선거를 앞두고 MBN과 매일경제가 여론조사 전문기관인 메트릭스와 공동 여론조사를 했습니다.  먼저 격전지로 꼽히는 서울에서는 더불어민주당 박원순 후보가, 여야의 승부처인 경남에서도 더불어민주당 김경수 후보가 각각 1위를 기록하며 여권 강세를 이어갔습니다.   김종민 기자가 보도합니다.  【 기자 】  서울 시민들에게 서울시장 후보 중 누구를 지지하는지 물었습니다.  더불어민주당 박원순 후보가 52.3%를 얻어 2위 그룹과 40%p 가까이 격차를 벌렸습니다.  자유한국당 김문수 후보와 바른미래당 안철수 후보는 초접전 양상입니다.   야권에서 후보 단일화를 할 경우 누가 더 적합하냐는 질문에 안철수 후보 31.4%, 김문수 후보 20.3%로 안 후보가 앞섰지만, 적합한 후보가 없다는 응답도 38.3%에 달했습니다.  야당의 후보 단일화를 가정한 가상 대결에서도 박원순 후보가 오차범위 밖에서 김문수, 안철수 후보를 각각 앞섰습니다.  지방선거의 전체 승패를 가를 경남지사 선거에서도 민주당 우세가 이어졌습니다.   민주당 김경수 후보가 48.2%, 한국당 김태호 후보가 27.1%의 지지를 받는 것으로 나타났습니다.  지난번 4월 MBN 여론조사보다 두 후보 간의 격차가 더 벌어졌습니다.   '드루킹 특검'이 투표에 영향을 미치느냐는 질문에 대한 응답은 팽팽하게 엇갈렸습니다.  차기 경남지사가 가장 중점을 둬야 하는 분야는 조선 산업의 재편이라는 답변이 가장 높았고 무상급식 확대가 뒤를 이었습니다.  MBN뉴스 김종민입니다.  영상편집 : 김경준&lt; Copyright ⓒ MBN(www.mbn.co.kr) 무단전재 및 재배포 금지 &gt;
	
",http://news.naver.com/main/ranking/read.nhn?rankingType=popular_day&oid=057&aid=0001256101&date=20180604&type=2&rankingSectionId=100&rankingSeq=13,20180604
politics,"샹그릴라호텔, '역사적 화해' 현장…경호도 최적","
	
	[뉴스데스크]◀ 앵커 ▶이 샹그릴라호텔이 유력하게 회담 장소로 손꼽혀 온 데에는 그럴만한 이유가 있습니다.해마다 큰 국제회의를 치르면서 철통 경호를 해 본 경험이 많고요.또 중국과 대만의 첫 정상회담이 열린 역사적 장소이기도 합니다.임현주 기자가 이어서 전합니다.◀ 리포트 ▶북미 정상회담 개최지로 사실상 결정된 샹그릴라 호텔은 해마다 샹그릴라 대화로 불리는 아시아안보회의가 열립니다. 주요국가의 국방장관들이 모두 참석하는 행사로 매년 호텔 안팎에선 물샐틈 없는 경계 태세가 펼쳐집니다.올해는 어제까지 2박 3일간 열렸는데, 유달리 경비가 삼엄해 북미 정상회담 예행연습을 하는 것 같다는 말까지 나왔습니다. 북한이 무엇보다 김정은 위원장의 신변 안전을 신경 써왔다는 점에서 경호에 유리한 샹그릴라 호텔이 낙점된 걸로 보입니다. 샹그릴라 호텔은 중국과 대만의 화해를 이끈 정상회담을 성공적으로 개최한 경험도 갖고 있습니다. 지난 2015년 시진핑 중국 국가주석과 마잉주 당시 대만 총통은 분단 이후 66년 만에 처음으로 만나 화해의 악수를 나눴습니다.  [시진핑/중국 국가주석 (2015년 11월)]""누구도 우리를 갈라 놓을 수 없습니다. 우리는 피로 이어진 한가족입니다.""트럼프 대통령과 김정은 위원장이 친교를 나눌 수 있는 장소도 호텔 곳곳에 마련돼 있습니다. 특히, 난초로 꾸며진 호텔 정원의 오두막에선 남북 정상회담 당시 도보다리 대화처럼 북미 정상 간 단독회동이 이뤄질 수 있다는 관측입니다. MBC뉴스 임현주입니다.임현주 기자 (mosqueen@mbc.co.kr)[저작권자(c) MBC (http://imnews.imbc.com) 무단복제-재배포 금지]▶ [선택2018] 心부름X랩 부르기 이벤트 참여하기Copyright(c) Since 1996, MBC&amp;iMBC All rights reserved.
	
",http://news.naver.com/main/ranking/read.nhn?rankingType=popular_day&oid=214&aid=0000843766&date=20180604&type=2&rankingSectionId=100&rankingSeq=14,20180604
politics,파격의 두 사람'…미리보는 ‘세기의 회담’,"
미리보는 트럼프·김정은 ‘세기의 회담’ / 金 ‘은둔의 지도자’ 이미지 탈피 / 스위스식 포옹으로 스킨십 할 듯 / 트럼프는 얽매임 없이 자유분방 / 힘껏 쥐는 ‘공격적 악수’ 가능성 / 양측, 두 지도자 경호·의전 각별 / 美, 전용 리무진·경호 헬기 공수 / 北, 金 이용차량 현지서 구할 듯일주일 후에도 이렇게… 오는 12일 북·미 정상회담을 앞두고 각각 독특한 성격의 도널드 트럼프 미국 대통령과 김정은 북한 국무위원장이 회담장에서 어떤 모습을 보여줄지 관심이 쏠리고 있다. 김 위원장이 지난달 27일 판문점 평화의 집에서 열린 남북정상회담에 앞서 기념촬영을 하며 함박웃음을 짓고 있는 모습(왼쪽 사진)과 트럼프 대통령이 지난 1일(현지시간) 워싱턴 해안 경비대 본부에서 열린 사령부 교대식에 참석해 미소를 짓고 있는 모습.워싱턴=AP연합뉴스, 세계일보 자료사진김정은 북한 국무위원장과 도널드 트럼프 미국 대통령은 독특한 스타일로 6·12 싱가포르 북·미 정상회담에서 기존의 어느 정상회담에서도 볼 수 없었던 ‘파격’을 연출할 것으로 보인다. 김 위원장은 2011년 집권한 이후 ‘은둔의 지도자’로 남아 있다가 올해부터 국제무대에 본격 데뷔하면서 ‘만화 캐릭터’ 이미지를 벗어버리고, 젊고 활기찬 지도자의 모습으로 변신하고 있다. 트럼프 대통령은 특유의 자유분방한 스타일을 선보이고 있다. 회담 내용 못지않게 두 사람의 일거수일투족이 언론의 집중 조명을 받게 될 것으로 보인다. 특히 두 지도자가 어떤 모습을 보여주느냐에 따라 이번 회담의 상징적인 의미가 크게 달라질 수 있다.싱가포르는 ‘동양 속의 서양’과 같은 도시 국가여서 일단 트럼프 대통령이 김 위원장보다 우위를 점할 수 있는 장소라고 뉴욕타임스(NYT)가 3일(현지시간) 평가했다. 김 위원장이 싱가포르에 오면 취임 이후 가장 먼 거리를 여행하게 되고, 트럼프보다 싱가포르가 낯설게 여겨질 수 있다. 북·미 양측은 김창선 국무위원회 부장과 조 헤이긴 백악관 비서실 부실장을 대표로 내세워 싱가포르 현지에서 경호, 의전 등 회담 실행 계획을 짰다. 양측이 이번에 가장 많이 신경을 쓴 것은 두 지도자의 경호 문제였다고 NYT가 보도했다. 회담장 외곽 경호는 싱가포르 당국이 책임지지만 회담장 주변이나 두 지도자 근접 경호는 각각 양측 경호원이 맡는다. 미국은 ‘비스트’로 불리는 대통령 전용 리무진과 경호용 헬기, 차량 등을 대거 공수해올 예정이다. 김 위원장이 이용할 차량은 싱가포르 현지에서 빌릴 것으로 보인다.미국의 정치 전문 매체 폴리티코는 이날 이번 정상회담의 관전 포인트로 경호 등 신변 안전, 스킨십, 식사 메뉴와 음료수, 공동 코뮈니케, 선물 교환, 언론 발표 등 6가지를 꼽았다. NYT는 회담 장소, 회담 진행 방식, 배석자, 휴식 시간, 식사 메뉴, 건배에 사용될 술, 선물 교환, 경비 정산 등이 주요 관심사라고 지적했다.북한은 특히 김 위원장과 트럼프 대통령이 동등하게 보이도록 신경을 곤두세우고 있다. 북한은 좌석 배치를 중시한다. 대체로 회담장의 출입문에서 먼 쪽이 상석이고, 지위가 높은 사람이 회담장에 더 늦게 나타나는 게 국제적인 관례이다. 양측은 이런 신경전을 피하려고, 문이 앞뒤로 2개가 있는 회의장을 골라 두 지도자가 동시에 입장하는 방안을 고려하고 있다.북·미 양측은 중국이나 러시아가 도청 또는 감청을 하지 못하도록 차단하는 데 주력했다고 폴리티코가 전했다. 두 사람의 악수 등 신체 접촉도 관심사이다. 트럼프 대통령은 외국 정상을 만났을 때 손을 힘껏 움켜쥐는 ‘공격적인 악수’로 유명하다. 김 위원장은 문재인 대통령과 만났을 때 스위스식 포옹 인사를 하는 등 과감한 신체 접촉을 했다. 이 때문에 두 사람이 예상치 못한 스킨십을 선보일 가능성이 있다.북한은 두 사람의 키 차이에도 신경을 쓴다. 김 위원장의 키는 170.18㎝이고, 트럼프의 키는 187.96㎝이다. 이 때문에 트럼프 대통령이 김 위원장을 내려다보거나 김 위원장이 트럼프 대통령을 우러러보는 모습이 카메라에 잡히지 않도록 북한 측이 조심할 수 있다. 트럼프 대통령은 절대 금주를 실천하고 있으나 김 위원장은 와인을 즐긴다. 두 사람이 건배할 때 어떤 술을 준비할지 사전에 협의가 이뤄졌다. 식사 메인 메뉴는 쇠고기와 밥이 될 가능성이 크다고 폴리티코가 전했다.워싱턴=국기연 특파원 <a href=""mailto:kuk@segye.com"">kuk@segye.comⓒ 세상을 보는 눈, 글로벌 미디어 세계일보

",http://news.naver.com/main/ranking/read.nhn?rankingType=popular_day&oid=022&aid=0003278747&date=20180604&type=1&rankingSectionId=100&rankingSeq=15,20180604
politics,"김영철 방미 성과는?…北, 부담 덜고 시간 벌었다","
	
	&lt;앵커&gt;이번에는 지방선거보다 하루 앞서 열리는 북·미 정상회담 소식 알아보겠습니다. 미국을 방문해서 트럼프 대통령을 만난 김영철 노동당 부위원장이 오늘(4일) 북한으로 돌아갔습니다. 고위급으로서는 18년 만의 미국 방문이었는데 북한으로서는 나름 성과를 거뒀다는 평가입니다.그 성과를 안정식 북한전문기자가 짚어봤습니다.&lt;기자&gt;베이징 공항에 오늘 낮 모습을 드러낸 김영철 부위원장, 북·미 회담 성과를 묻는 질문에 아무 말 없이 북한으로 향했습니다.평양에 도착하자마자 김정은 위원장에게 방미 결과를 보고했을 것으로 보이는데 아직 북한 반응은 나오지 않고 있습니다.김영철의 이번 미국 방문은 소기의 성과를 거둔 것으로 평가됩니다.비핵화와 체제보장에 대한 이견이 해소되지 않았음에도 정상회담을 성사시켰기 때문입니다.[김현욱/국립외교원 교수 : 실무진에서 합의를 이끌어내지 못하는 상황에서 (북미)정상회담을 열겠다고 공식적으로 트럼프 입으로 응답을 받아냈다는 것은 김정은 위원장 입장에서는 큰 성과다….]트럼프 대통령이 합의문이 나오지 않을 가능성을 열어두면서 정상회담 때까지 당장 비핵화 약속을 해야 할 부담은 덜었고 회담이 계속될 것이라는 트럼프의 언급에서 보듯 시간도 벌었습니다.[트럼프/美 대통령 : 12일 정상회담에서 무엇인가에 서명하지 않을 것입니다. 북한에게 천천히 하라고 했습니다. 빨리 갈 수도 있고 천천히 갈 수도 있지요.]다만 시간을 끌면 북한도 손에 들어오는 건 없습니다.북한이 원하는 체제보장 안이 비핵화 진전 없이 그냥 얻어질 수는 없다는 점에서 마냥 이득만 챙긴 것은 아닙니다.트럼프가 용인하는 시간 내에 진전 있는 비핵화 태도를 보이지 않으면 압박과 제재가 훨씬 세질 수 있다는 점도 북한에게는 부담입니다.(영상편집 : 정용화)▶ '현실 인정' 확 달라진 트럼프? '비핵화' 유연해진 속내▶ 북미 실무협상 사흘째…비핵화-체제보장 시간표 짜나▶ 북미 정상회담, 샹그릴라 호텔서 열리나…특별행사구역 지정 안정식 기자(cs7922@sbs.co.kr)☞ [선거방송의 강자] SBS가 전하는 6.13 지방선거!☞ [마부작침 #페이미투] 남녀 임금차별 실상 공개☞ [다시 뜨겁게! 러시아월드컵 뉴스 특집] 바로가기※ ⓒ SBS &amp; SBS Digital News Lab. : 무단복제 및 재배포 금지
	
",http://news.naver.com/main/ranking/read.nhn?rankingType=popular_day&oid=055&aid=0000646317&date=20180604&type=2&rankingSectionId=100&rankingSeq=16,20180604
politics,[여론조사] 충남 양승조-제주 원희룡 '우세'…'정당보단 인물',"
	
	【 앵커멘트 】  이번에는 충남과 제주 지역을 살펴보겠습니다.  충남에서는 민주당의 양승조 후보가 한국당 이인제 후보를 앞서는 것으로 나타났습니다.  반면, 제주에서는 무소속 원희룡 후보의 강세가 이어졌습니다.   서정표 기자입니다.【 기자 】  이른바 '미투'로 공석이 된 충남지사에 민주당의 양승조 후보가 크게 우세한 것으로 조사됐습니다.  양승조 후보는 51.3%를 얻어 24.7%에 그친 한국당 이인제 후보와 두배 이상 격차를 벌렸습니다.  후보 선택 기준이 정당과 개인에서 큰 차이를 보이지 않아 안희정 전 지사 미투 사태의 영향이 크지 않은 것으로 해석됩니다.  격전지 가운데 한 곳인 제주도에서는 무소속의 원희룡 후보가 앞섰습니다.   원 후보는 44.5%로 민주당의 문대림 후보를 10%포인트 이상 앞서 오차범위 밖 우세를 보였습니다.▶ 인터뷰 : 문대림 / 더불어민주당 제주지사 후보- ""지방 의원 시절부터 삼총사란 얘기를 들어왔습니다. 일을 잘해서 추진력이 좋아서 변화와 개혁의 선두주자여서…""▶ 인터뷰 : 원희룡 / 무소속 제주지사 후보- ""제주도 성장의 열매를 도민에게 돌리는 데 전념, 도정에 전념할 겁니다. 그걸 가지고 도민들의 평가를 받을 겁니다.""   특히, 제주도에서는 후보를 선택하는 기준이 정당보다는 후보 개인의 능력, 즉 인물 중심인 것으로 나타나 눈에 띄었습니다.   이를 반영하듯 원희룡 현 지사의 직무수행 평가에서도 잘하고 있다가 58.8%로 잘못하고 있다는 의견보다 크게 앞섰습니다.  MBN뉴스 서정표입니다.[deep202@mbn.co.kr]  영상취재 : 문진웅 기자  영상편집 : 이재형&lt; Copyright ⓒ MBN(www.mbn.co.kr) 무단전재 및 재배포 금지 &gt;
	
",http://news.naver.com/main/ranking/read.nhn?rankingType=popular_day&oid=057&aid=0001256102&date=20180604&type=2&rankingSectionId=100&rankingSeq=17,20180604
politics,"[여론조사] 민주당, 재보선 12곳 中 11곳 ‘1위’","
<iframe _src=""/main/readVod.nhn?oid=056&amp;aid=0010583249&amp;position=1&amp;autoPlay=true&amp;foreignPlayVod=true&amp;viewType="" allowfullscreen="""" frameborder=""0"" height=""363"" marginheight=""0"" marginwidth=""0"" title=""영상 플레이어"" width=""647"">[앵커]KBS 등 방송 3사가 국회의원 재보궐선거가 치뤄지는 12개 선거구에서 여론조사를 실시했습니다.1곳을 제외한 11곳에서 더불어민주당이 1위로 나타났습니다.정연욱 기자입니다.[연관기사] [여론조사] 민주당 재보선 우세…12곳 中 11곳 ‘1위’[리포트]재보선 지역구 중 최대 관심 지역인 서울 송파 을.민주당 최재성 후보가  39.2%로 가장 높았고, 한국당 배현진 후보 18.4%, 바른미래당 박종진 후보 6.3%순입니다.서울 노원 병은 민주당 김성환 후보 46.6%, 바른미래당 이준석 후보 11.5%, 한국당 강연재 후보 5.7% 순이었습니다.  인천 남동갑은  1위인 민주당 맹성규 후보와 2위 한국당 윤형모 후보간 격차가 30%p 넘었습니다.충북 제천단양은 민주당 이후삼 후보 35.8%, 자유한국당 엄태영 후보 22.5%였고, 충남 천안갑은  민주당 이규희 후보와 한국당 길환영 후보간 격차가 30%p 가까왔습니다.충남 천안병은 민주당 윤일규 후보 45.2%, 한국당 이창수 후보 10.2%입니다. 광주 서구 갑, 민주당 송갑석 후보가 53.1%로 평화당 김명진 후보를 크게 앞섰고, 전남 영암무안신안도  민주당 서삼석 후보가 50% 가까이로, 평화당 이윤석 후보와  큰 격차를 보였습니다.부산은  민주당 윤준호, 한국당 김대식 후보 순이었고, 울산은  민주당 이상헌 후보 30%, 한국당 박대동 17.2%, 민중당 권오길 8.7%였습니다. 김경수 전 의원의  지역구 였던 경남 김해을은 민주당 김정호 후보가 47.2%로  한국당 서종길 후보에 비해 3배 이상 앞섰습니다.경북 김천은 무소속 최대원 후보가 29.1%, 한국당 송언석 후보 22.8%로 오차범위 내 접전입니다.이번 조사는 KBS 등 방송 3사 공동으로 칸타 퍼블릭, 코리아리서치센터, 한국리서치 등 3곳에 의뢰해 1일부터 3일까지,  재보궐선거 12개 선거구에 거주하는 만 19세 이상 남녀를 대상으로 유무선 전화면접조사 방식으로 진행했으며, 95% 신뢰수준에 ±4.4%p입니다.  KBS 뉴스 정연욱입니다.[내려받기] 6·13 국회의원 재보궐선거 여론조사_결과표[PDF]",http://news.naver.com/main/ranking/read.nhn?rankingType=popular_day&oid=056&aid=0010583249&date=20180604&type=2&rankingSectionId=100&rankingSeq=18,20180604
politics,"“근거없는 네거티브, 국민 수준 우습게 본 것”","
경기도지사&lt;1&gt;이재명 민주당 후보[서울신문]청년배당 등 3대 복지 계속이재명 더불어민주당 경기지사 후보이재명 더불어민주당 경기지사 후보는 4일 욕설 음성파일, 일베 회원 의혹 등에 대해 “근거 없는 네거티브로 판을 흔들 수 있을 거라 여긴 것 자체가 우리 국민의 수준을 우습게 본 것”이라고 강조했다. 이 후보는 이날 서울신문과의 인터뷰에서 문재인 대통령 일부 지지자와 자유한국당 등의 이 후보 비판에 대해 “안타깝다”며 이같이 밝혔다. 그는 “‘도지사를 잘 뽑으면 경기도가 바뀔 것’이라는 기대가 선거까지 이어질 것이라 믿는다”고 자신감을 보였다. 다음은 일문일답.→경기지사에 꼭 이재명이어야 하는 이유는.
",http://news.naver.com/main/ranking/read.nhn?rankingType=popular_day&oid=081&aid=0002920210&date=20180604&type=1&rankingSectionId=100&rankingSeq=19,20180604
politics,"구미도 '오차범위 접전'…요동치는 TK, 4년 전과 지금","
	
	6·13 지방선거[앵커]지방선거 소식입니다. 대구·경북 지역은 오랫동안 보수 정당이 강세를 보인 지역입니다. 그런데 이번에는 이전과는 좀 다른 흐름이 나타나고 있다고 하는군요.대구와 구미 현장을 박민규 기자가 취재했습니다.[기자]이른 아침부터 구미시장에 도전하는 두 후보가 유세에 열을 올립니다.박정희 전 대통령의 고향 구미에서는 말 그대로 초박빙 승부가 펼쳐지고 있습니다.지난주 실시된 여론조사에서 한국당 이양호 후보와 민주당 장세용 후보의 지지율 차는 1.7%P였습니다.오차범위를 생각하면, 누가 앞선다고 말할 수 없는 차이입니다.[장세용/더불어민주당 구미시장 후보 : (지나가던 시민 중 저에게) 귓속말로 가까이 와서 말씀하시는 분은 '저도 민주당을 지지합니다'…상전벽해의 이런 정치판이 벌어지고 있습니다.][이양호/자유한국당 구미시장 후보 : 구미는 보수의 성지이고, 보수의 심장입니다. 이 보수의 성지에서 자유한국당 후보들이 압승하는 것은 분명한 일입니다.]대구도 달라진 분위기가 감지됩니다.4년 전 이곳에서는 당시 새누리당 권영진 후보뿐 아니라 민주당 김부겸 후보까지 박 전 대통령 사진을 선거 유세에 활용했습니다.지난해 대선 때는 홍준표 후보 역시 '박근혜 마케팅'을 폈습니다.[홍준표/자유한국당 대표 (지난해 4월 4일 대구) : (19대 대선에서) 홍준표 정부가 들어서면 박근혜가 산다.]하지만 이번에는 박 전 대통령의 이름이 사라졌습니다.민주당 임대윤 후보는 문재인 대통령과 찍은 사진을 내세웠고, 한국당 권영진 후보는 경제를 강조하고 있습니다.1995년 지방선거가 실시된 후 23년간, 대구시장 자리는 보수 후보의 차지였습니다.그런데 최근 여론조사에서 두 후보 간 지지율 격차는 한 자릿수, 오차범위 내입니다.이번에도 보수 후보가 당선될지, 일단은 예측하기 어렵습니다.경북지사에 도전하는 민주당 오중기 후보와 한국당 이철우 후보의 지지율 차도 크지 않습니다.최근 뉴스1이 실시한 여론조사에서는 10%P, 대구CBS와 영남일보의 경우에는 8.9%P 차이를 보였습니다.(영상디자인 : 신재훈·최석헌·황선미)박민규(park.minkyu1@jtbc.co.kr) [영상취재: 이주원 / 영상편집: 박선호]▶ 라이브 시청은 유튜브로, 제보는 뉴스룸으로!▶ 스토리, 라이브, 비하인드! JTBC 소셜스토리Copyright by JTBC(http://jtbc.joins.com) and JTBC Content Hub Co., Ltd. All Rights Reserved. 무단 전재 및 재배포 금지
	
",http://news.naver.com/main/ranking/read.nhn?rankingType=popular_day&oid=437&aid=0000183416&date=20180604&type=2&rankingSectionId=100&rankingSeq=20,20180604
sports,손흥민의 이적시장 가치는 '1130억'(CIES 발표),"[골닷컴] 이성모 기자 = '손흥민의 이적시장 가치는 9020만 유로(약 1130억 원)'.

유럽 축구 선수들에 대한 경제적 가치를 주기적으로 산정 및 발표하고 있는 CIES(국제스포츠연구센터)가 2018년 6월을 기준으로 한 새로운 선수 이적시장 가치 TOP 100을 발표했다. 

이 리스트를 살펴보면 토트넘의 핵심 공격수 해리 케인이 1위를 차지했고, 대한민국 대표팀 공격수 손흥민은 39위에 이름을 올렸다. CIES가 추정한 손흥민의 이적시장 가치는 9020만 유로(약 1130억 원)이었다. 1위를 차지한 케인의 이적시장 가치는 약 2억 유로(약 2500억 원)이었다.

1위 케인을 기준으로 TOP 10 리스트를 살펴보면 네이마르, 음바페, 메시, 살라, 알리, 데브라이너, 그리즈만, 디발라, 루카쿠가 각각 이름을 올렸다. 

또 39위에 이름을 올린 손흥민은 35위 사디오 마네, 40위 임모빌레, 42위 아센시오 등과 비슷한 수준이거나 오히려 더 높은 이적시장가치를 가진 것으로 평가됐다. 

한편, CIES의 산정 기준은 크게 현재 활약상, 나이, 계약기간 등이다. ",http://news.naver.com/main/ranking/read.nhn?rankingType=popular_day&oid=056&aid=0010583284&date=20180604&type=2&rankingSectionId=101&rankingSeq=1,20180604
sports,"[일문일답]신태용 감독 ""세트피스 철저히 숨긴다…본선에서 보라""","[레오강=스포츠서울 김현기기자]“세트피스는 볼리비아전에도 볼 수 없을 것이다.”

신태용 감독은 23명의 최종엔트리가 가려진 뒤 진행하는 오스트리아 레오강 훈련에서 러시아 월드컵 16강의 토대를 닦겠다고 다짐했다. 신 감독은 4일 레오강 입성 뒤 첫 인터뷰를 갖고 향후 구상을 설명했다. “기본 조직력과 스웨덴전 플레이를 가다듬어야 한다”며 “세트피스는 국내 평가전에서 감췄고, 7일 볼리비아전에서도 숨길 것이다. 11일 세네갈과 비공개 평가전에선 손발을 맞춰볼 생각이다”고 했다. 이날 대표팀은 회복 훈련을 하면서 연습 내용을 전면 공개했다.

-앞으론 비공개 훈련을 할 것으론 보이는데.

선수들 집중력도 끌어올려야 하고, 우리 전술을 숨기면서 쌓아야 한다.

-레오강에서의 중점 훈련 내용은.

여건이 좋다. 힐링할 수 있다. 그러면서 선수들 집중력도 끌어올릴 수 있다. 기본 조직력, 스웨덴전에서 하려는 플레이를 가다듬어야 러시아 가서 마지막으로 준비할 수 있다.

-수비 우려가 많은데.

23명이 결정 났다. 수비수들도 어떻게 할 것이란 윤곽이 드러났다. 선발로 나갈 수 있는 선수들을 중점적으로 보겠다.

-세트피스 훈련도 하고 있나.

국내 평가전 두 차례에선 전혀 우리의 세트피스를 하질 않았다. 7일 볼리비아전에서도 할 수 없다. 영상으로 다른 팀들이 다 분석한다. 최대한 시간을 할애해서 세트피스를 하고 있다. 세네갈전엔 비공개니까 손발을 맞춰볼 것이다. 월드컵에 들어가게 되면 세트피스를 보여줄 수 있다고 본다.

-이승우 10번 준 이유는.

기존 10번의 의미가 우리 상징성에 없다. 손흥민이나 김신욱, 황희찬 등 공격수들이 자기 고유 번호가 다 있다. 이승우가 오면서 10번을 꿰찬 것은 행운으로 본다. 10번 달면서 자기의 책임감도 무거워질 것으로 본다.

-이승우는 스웨덴전 카드로 뽑았는데.

변함 없다. 내 구상을 다 말할 순 없으나 이승우가 어떤 면에서 해줄 것으로 확신하고 있다.

-최종엔트리가 다 나왔는데.

뽑힌 선수들은 뽑혔다. 그러나 독일의 사네 선수인가. 왜 탈락했나 이해가 가질 않지만 독일의 요아힘 뢰브 감독이 설명해줄 것이다.

-F조 3팀 평가전 얼마 전에 했다. 다들 안 좋았는데.

감독 입장에서 지금은 평가전이다. 엔트리 뽑는 과정에서 봐야 하는 게 있다. 월드컵 시작했을 때 몸 상태도 봐야 한다. 독일-오스트리아는 텔레비전으로 좀 봤다. 다른 경기를 결과만 봤다. 차두리 코치가 스웨덴-덴마크를 봤는데 스웨덴이 팬들에게 야유 아닌 야유도 받았다고 한다. 지금이 아니라 월드컵 첫 경기를 준비하다보니 다들 감추는 것 같다.

-장현수 훈련은 가능한가.

100% 같이 한다. 장현수가 보스니아전에도 출전 가능했으나 선수 보호 차원에서 안 썼다.

-체력도 중요한데 어느 정도까지 준비됐나.

시즌을 하다 온 선수도 있고, 마무리하고 온 선수도 있다. 5월28일, 6월1일 평가전을 했고, 6월7일에도 하다보니까 체력적으로 사실 준비하는 게 어렵다고 생각된다. 지금 우리가 장시간 이동했고, 휴식을 취하고 음식 섭취 등으로 최대한 휴식을 주며 잘 먹고 있다. 기본 훈련을 잘 하면 문제 없다고 본다.

-파워프로그램보다는 휴식으로 컨디션을 관리한다는 얘기인가.

파워프로그램 하고 싶다. 그러나 할 수 있는 시간이 없기 때문에 만약에 평가전이나 경기가 없다면 그런 얘기를 하고 이해도 하고 하지만, 파워프로그램을 하기 위해선 한 달 정도는 같이 팀이 합숙하든가 공유가 되어야 한다. 그러니 파워프로그램을 할 수 없는 거다. 중간중간 경기가 들어가 있으니까 그 것도 신경써야 한다.

-GPS 프로그램으로 체력을 체크하는데.

그 부분에서 부족하다는 생각이 든다. 그래서 파워프로그램 같은 것이 필요한데, 훈련을 못 하다보니 휴식과 영양으로 체력을 안정시키고 있다.

-수비 조직력을 쌓을 시간이 부족하다고 하는데.

짧은 시간 집중력을 끌어올리고 기존 전술이 선수들에게 입혀지면 무리 없을 것으로 본다. 훈련과 경기는 다르고, 상대 선수에 따라 달라지니까 그런 면은 힘들다. 우리 목표를 위해선 선수가 따라오고 코칭스태프가 노력한다.
",http://news.naver.com/main/ranking/read.nhn?rankingType=popular_day&oid=437&aid=0000183424&date=20180604&type=2&rankingSectionId=101&rankingSeq=2,20180604
sports,"뢰브 감독, ""사네 탈락 이유? 뮐러-로이스-드락슬러 있잖아""","[인터풋볼] 이명수 기자= 월드컵 2연패에 도전하는 독일 대표팀이 2018 러시아 월드컵 최종엔트리를 발표했다. 가장 충격적인 소식은 프리미어리그 도움 2위에 빛나는 르로이 사네(22, 맨체스터 시티)의 탈락이었다.

요하임 뢰브 독일 대표팀 감독은 4일 18시 30분(한국시간), 독일 대표팀 전지훈련지 이탈리아 에판에서 공식 기자회견을 갖고 ""2018 러시아 월드컵에 출전할 23인의 명단을 국제축구연맹(FIFA)에 제출한다""면서 ""27인의 예비엔트리 중 레노, 타, 사네, 페터슨을 제외한 23인의 선수가 월드컵에 나선다""고 전했다.

가장 충격적인 소식은 사네의 탈락이다. 사네는 맨체스터 시티에서 맹활약을 펼치며 러시아 월드컵에서 주목할만한 스타로 떠올랐다. 하지만 지난 오스트리아와의 평가전을 비롯 독일 대표팀에서는 별 다른 활약을 펼치지 못했고, 엔트리 탈락이란 충격적인 결과를 받아들였다.

이에 뢰브 감독은 기자회견 후 기자들과 만난 자리에서 독일 '스카이스포츠'를 통해 ""브란트와 사네를 두고 끝까지 고민했다. 두 선수 모두 좋은 선수이지만 브란트가 컨페더레이션스컵에서 더 좋은 모습을 보였고, 전지훈련에서도 잘했다""면서 ""사네는 정말 뛰어난 재능이다. 하지만 공격수 대신 수비수를 한 명 더 데려가는 것을 선택했다""고 말했다.

또한 뢰브 감독은 ""이미 윙포워드에는 토마스 뮐러, 마르코 로이스가 자리하고 있다. 율리안 드락슬러 역시 컨페드레이션스컵에서 좋은 활약을 펼치며 발전하는 모습을 보였다""면서 ""탈락한 선수들에게 미안하다. 탈락한 4명 선수들 전부 좋은 기량을 가졌다""고 위로했다.",http://news.naver.com/main/ranking/read.nhn?rankingType=popular_day&oid=437&aid=0000183421&date=20180604&type=2&rankingSectionId=101&rankingSeq=3,20180604
sports,"석현준 영입한 트루아, 바로 '재판매' 고려하는 이유는?","[풋볼리스트] 류청 기자= 트루아는 석현준을 앙제나 다른 팀으로 바로 이적시킬까?

트루아는 지난 1일(이하 현지시간) 2017/2018시즌 초반 포르투와 했던 임대협상을 하며 넣었던 완전이적 조항을 발동시켰다. 트루아는 석현준과 계약이 2021년 6월까지라고 밝혔다. 3년 계약을 한 셈이다. 석현준은 2017/2018시즌 23경기에 출전해 6골을 넣었다.

석현준을 영입했지만, 트루아가 2018/2019시즌에도 석현준을 데리고 있을지는 모른다. 트루아도 ""아직 구단 공식적인 입장이 정해지지 않았다""라고 했다. 석현준을 바로 이적시켜 금전적인 이익을 취할 수 있다는 보도도 나오고 있다.

가장 큰 행선지로 떠오른 구단은 리그앙 소속의 앙제다. 앙제는 리그앙에서 규모가 작은 구단이면서도 단단한 모습을 보여줬다. 지난 2017/2018시즌에도 14위를 차지했었다. 지난 시즌 17골을 넣었던 공격수 카를 토코 에캄비가 다른 팀으로 가면서 대체자로 석현준을 노린다.

트루아는 지난 시즌 리그앙에서 강등돼 리그두(2부리그)에서 뛴다. 장-루이 가르시아 감독도 경질했다. 석현준을 팔아 이익을 남길 수 있다면 다른 선수를 영입해 팀 체질을 개선할 수도 있다. 현지 언론은 트루아가 석현준을 200만 유로(약 25억 6천만 원) 정도를 썼다고 추정했다.

'레키프'는 앙제가 석현준을 영입할 때 300만 유로(약 37억 6천만 원) 정도를 쓸 가능성이 있다고 보도했다. 트루아는 석현준을 바로 팔아 100만 유로(약 12억 원) 정도 이익을 볼 수 있는 셈이다. 밑지는 장사는 아니다.

트루아는 석현준을 이적시킬 가능성을 열어뒀다. 지역 언론은 이름을 밝힐 수 없는 구단 2개도 석현준에 관심을 가지고 있다고 밝혔다.  ",http://news.naver.com/main/ranking/read.nhn?rankingType=popular_day&oid=437&aid=0000183420&date=20180604&type=2&rankingSectionId=101&rankingSeq=4,20180604
sports,타격 기계 하나 들여놨더니 … LG가 확 달라졌다,"“무슨 말이 필요한가요.” 

프로야구 LG 류중일(55) 감독에게 김현수(30)에 대한 평가를 부탁하자 돌아온 대답이다. 공·수·주 어느 것 하나 부족함이 없다는 뜻일 것이다. 올해 LG 유니폼을 입은 김현수 덕분에 류 감독은 연신 싱글벙글한다. 최근 6연승을 달린 LG(33승27패)는 3위 SK(33승24패)에 1경기 차로 뒤진 4위다. 연승 기간 김현수는 타율 0.462(26타수 12안타)에 2홈런, 13타점으로 맹활약했다. 

최근 서울 잠실구장에서 만난 김현수에게 ‘김현수 효과’가 뭔지 물었다. 손사래부터 친다. 김현수는 “내가 들어왔다고 해서 달라졌다고 생각하지 않는다. 경험이 쌓인 젊은 선수들의 기량이 안정되면서 좋은 결과를 만들고 있는 것”이라며 “더그아웃에서 긴장을 풀려고 농담을 많이 하는데, 목소리가 크다 보니 효과가 큰 것 같다”며 웃었다. 

김현수는 2년간 메이저리그에서 뛰다가 올 시즌을 앞두고 돌아왔다. LG는 역대 자유계약선수(FA) 중 두 번째로 많은 115억원(4년)을 안겨줬다. 기대가 크다는 뜻이다. 투자 효과는 기록이 증명한다. 김현수는 올 시즌 LG가 치른 60경기에 모두 선발 출전했다. 타율 0.377(236타수 89안타), 11홈런·52타점이다. 안타와 타점은 KBO리그 1위, 타율은 3위다. 현재 타격감을 유지한다면 안타를 213개까지 칠 수 있다. KBO리그 최다안타 기록은 2014년 서건창의 201개다. 
김현수가 가세하면서 LG의 팀 컬러가 바뀌었다. 지난해 LG는 평균자책점 1위(4.30)를 하고도 팀 순위는 6위에 그쳤다. 포스트시즌도 못 나갔다. 허약한 타선 탓이었다. 지난해 LG의 팀 타율은 0.281로 7위, 팀 홈런은 110개로 꼴찌였다. 올해는 다르다. 외국인 타자 아도니스 가르시아(33·쿠바)가 20경기만 뛰고 부상으로 빠졌지만, 타선의 집중력은 더 좋다. 올해 LG의 팀 타율은 0.301로 KIA(0.303)에 이어 2위다. 경기당 팀 홈런도 지난해 0.76개에서 0.97개로 뛰었다. 팀 장타율 0.449는 LG 구단 역사상 가장 높다. 김현수는 올 시즌 5번 타자로 출발했다가 2번을 맡았다. 가르시아 부상 이후엔 4번 타자로서 팀 타선을 이끈다. 

김현수는 2015시즌 후 미국에 진출했다. 2016년 볼티모어 오리올스에서 타율 0.302, 6홈런·22타점으로 활약했다. 하지만 지난해 좀처럼 출전 기회를 얻지 못했다. 시즌 중반 필라델피아 필리스로 트레이드됐다. 그는 LG 입단식에서 “미국에서 루틴의 중요성과 경기에 나가는 게 얼마나 중요한지 깨달았다. 체력이 우선이라는 점도 알게 됐다”고 말했다. 그는 또 팀에서 가장 일찍 출근한다. 오후 6시30분 시작하는 평일 홈 경기를 준비하기 위해 정오쯤 경기장에 도착한다. 짐을 푼 뒤 정해놓은 계획대로 움직인다. 이틀에 한 번씩 고강도 웨이트 트레이닝도 한다. 그는 “시즌 도중 슬럼프에 빠지기 마련이다. 하던 걸 꾸준히 해야 슬럼프를 넘어설 수 있다”고 말했다. 
신경식 LG 타격코치는 “김현수가 젊은 선수들의 롤 모델이 되고 있다. 메이저리그에서 배워 온 훈련법을 따라 하는 젊은 선수가 많다”고 밝혔다. 채은성(28)과 양석환(27)이 대표적이다. 김현수는 “평소 후배들에게 타격에 대한 조언 대신 체력 관리를 잘하라고 말한다”고 했다. 지난해 부진했던 채은성은 올해 타율 0.330, 9홈런·46타점을 기록 중이다. 양석환도 타율 0.278 10홈런·37타점으로 하위타선에서 힘을 보태고 있다. 

눈에 보이지 않는 더 큰 효과도 있다. 김현수는 4월 27일 잠실 삼성전에서 단타 하나가 모자라 사이클링히트를 놓쳤다. 그는 “마지막 타석에서 2루타성 타구가 나왔다면 최선을 다해 2루까지 뛰었을 것”이라고 말했다. 양준혁 MBC스포츠 해설위원은 “요즘 김현수한테서 간절하게 뛰는 모습이 보인다. 투수 땅볼에도 전력 질주하는 게 인상적”이라고 했다. 미국에서 시련을 겪고 돌아와서일까. 더 악착같이 뛴다. 그는 “지는 게 싫다. 요즘 야구가 재밌고, 즐겁다. 저절로 최선을 다하게 된다”며 “후배들도 그런 플레이를 해주길 바란다. 그러기 위해선 내가 행동으로 보여줘야 한다”고 말했다. 
팬들이 김현수에게 붙여준 별명은 ‘타격 기계’. 잘 어울린다. 전문가들은 김현수의 타격 메커니즘이 거의 완벽하다고 평가한다. 두산에서 뛴 10년(2006~15년)간 3할을 못 친 게 세 번(2006·07·12년)뿐이다. 통산 타율은 0.321이다. 통산 2293안타(역대 2위)인 박용택(38)과 시너지 효과도 크다. 박용택과 김현수가 3, 4번을 치면 상대 투수는 여간 골치 아픈 게 아니다. 고수는 고수끼리 통한다. 김현수는 “(박)용택이 형과 타격에 대한 이야기를 자주 나눈다. 이야기를 하다 보면 결론은 늘 비슷하다”며 “용택이 형은 항상 연구하고, 더 잘하려는 모습이 멋있다. ‘타격의 달인’이 맞는 거 같다. 많이 배우고 있다”며 미소지었다. ",http://news.naver.com/main/ranking/read.nhn?rankingType=popular_day&oid=014&aid=0004033885&date=20180604&type=1&rankingSectionId=101&rankingSeq=5,20180604
sports,"아스널, FA 펠라이니 깜짝 영입 추진...대리인 면담 (英 텔레그래프)","[스포탈코리아] 박대성 기자= 아스널이 올여름 깜짝 영입을 준비하고 있다. 마루앙 펠라이니를 자유계약으로 데려오려 한다.

영국 일간지 ‘텔레그래프’는 5일(한국시간) “아스널이 깜짝 놀랄만한 영입을 추진하고 있다(rsenal have launched a shock move to sign Manchester United midfielder Marouane Fellaini). 맨체스터 유나이티드 미드필더 펠라이니를 영입하려 한다. 펠라이니는 맨유의 2년 재계약 제안을 거절했다”라고 보도했다.

매체에 따르면 우나이 에메리 감독은 파리 생제르맹 시절에 펠라이니 영입을 원했다. 이에 펠라이니 대리인과 아스널 보드진은 이번 주 내로 면담을 가진다. 펠라이니가 아스널에 온다면 아르센 벵거 시대와 확연히 다른 스타일이다.

돈이 들지 않는 점도 긍정적으로 작용한 모양새다. 올여름 에메리 감독에 쥐어진 자금은 5000만 파운드(약 715억원)이 전부다. 오는 6월 30일 부로 자유 계약 신분이 될 펠라이니는 이적료 측면에서 매력적이다.

한편 유럽 다수 언론에 따르면 펠라이니를 노리는 구단은 많다. 이탈리아 세리에A 구단들이 펠라이니 영입에 관심을 보였고, 아스널을 포함한 잉글랜드 다수 구단도 펠라이니에게 러브콜을 보냈다. ",http://news.naver.com/main/ranking/read.nhn?rankingType=popular_day&oid=081&aid=0002920207&date=20180604&type=1&rankingSectionId=101&rankingSeq=6,20180604
sports,"[공식발표] 신태용호, 월드컵 23인 등 번호 발표…이승우 10번","[스포티비뉴스=레오강(오스트리아), 박주성 기자] 신태용호가 러시아 월드컵에 나서는 23인 등 번호를 발표했다.

신태용 감독이 이끄는 한국 축구 대표 팀은 3일 밤 12시(이하 현지 시간) 2018 국제축구연맹(FIFA) 러시아 월드컵 사전 캠프인 오스트리아 레오강에 도착했다. 12시간 장시간 비행과 5시간 버스 이동은 선수들의 체력을 쭉 빠지게 만들었다. 선수단은 호텔에 도착하자마자 바로 휴식을 취했고 4일 오전까지 쉰 후 오후 4시 첫 훈련을 시작한다.

러시아 월드컵에 나서는 선수들의 등 번호가 발표됐다. 1번은 김승규가 차지했다. 2번은 이용, 3번 정승현, 4번 오반석, 5번 윤영선, 6번 박주호, 7번 손흥민, 8번 주세종, 9번 김신욱, 10번 이승우다. 가장 눈길이 가는 선수는 이승우다. 바르셀로나에서 10번을 달던 그는 대표 팀에서 10번을 달게 됐다.

대표 팀은 4일 FIFA에 월드컵 최종 명단을 제출했다. 마감이 끝난 후에는 각 팀의 첫 경기 24시간 전까지 부상 선수에 한해 FIFA 메디컬 커미티의 승인을 받아 명단 교체가 가능하다. 이때는 35인 예비 명단 외 선수도 교체가 가능하다. 첫 경기가 시작된 이후에는 명단 교체가 불가능해 부상은 물론, 신중한 판단이 요구된다.
 2018 FIFA 러시아 월드컵 최종 명단

골키퍼(3명)-1.김승규, 21.김진현, 23.조현우

수비수(10명)-4.오반석, 6.박주호, 3.정승현, 19.김영권, 20.장현수, 5.윤영선, 14.홍철, 12.김민우, 22.고요한, 2.이용

미드필더(7명)-16.기성용, 8.주세종, 15.정우영, 13.구자철, 17.이재성, 10.이승우, 18.문선민

공격수(3명)-7.손흥민, 11.황희찬, 9.김신욱
",http://news.naver.com/main/ranking/read.nhn?rankingType=popular_day&oid=018&aid=0004118600&date=20180604&type=1&rankingSectionId=101&rankingSeq=7,20180604
sports,스웨덴 나와!',"(레오강(오스트리아)=뉴스1) 오대일 기자 = 축구대표팀 에이스 손흥민이 4일 오후(한국시간) 사전 캠프지인 오스트리아 잘츠부르크 근교 레오강(Leogang) 스타인베르그 스타디움에서 열린 첫 적응훈련에서 환한 얼굴로 컨디션을 점검하고 있다.
신태용호는 월드컵 조별리그를 치르는 러시아 3개 도시의 기후 조건과 비슷하고 쾌적한 날씨를 보이는 이곳에서 막바지 담금질을 벌인 뒤 러시아에 입성한다. 2018.6.4/뉴스1",http://news.naver.com/main/ranking/read.nhn?rankingType=popular_day&oid=374&aid=0000159276&date=20180604&type=2&rankingSectionId=101&rankingSeq=8,20180604
sports,"‘월드컵 우승 도전’ 호날두 “전 세계가 보고 있다, 뛰러 갈 시간”
","[스포탈코리아] 박대성 기자= 크리스티아누 호날두가 월드컵을 앞두고 비장한 각오를 보였다. 발롱도르, 챔피언스리그, 유로까지 석권한 호날두의 목표는 월드컵 우승이다.

2018 국제축구연맹(FIFA) 러시아 월드컵 개막이 초읽기에 들어갔다. 14일(한국시간) 개막전을 시작으로 월드컵 트로피를 향한 32개 팀의 혈투가 벌어진다. 월드컵 출전국은 FIFA에 최종 명단 23인을 제출해 대회 막판 준비에 여념없다.

포르투갈도 월드컵 여정을 향한 준비를 하고 있다. 알제리와 평가전을 끝으로 월드컵 준비를 끝내고 스페인과 B조 첫 경기를 치른다. B조에는 스페인, 모로코, 이란이 있어 포르투갈의 무난한 16강 진출이 예상된다.

포르투갈은 등번호와 최종 명단 23인을 모두 발표했다. 호날두도 단연 러시아 월드컵에 출전한다. 지난 유로 2016 대회에서 쟁쟁한 팀을 누르고 우승한 만큼, 이번 러시아 월드컵 목표도 우승이다. 호날두가 우승컵을 들어 올리면 가능한 모든 트로피를 석권한 셈이다.

호날두의 각오도 남달랐다. 4일 자신의 공식 채널을 통해 “세계가 지켜보고 있다. 일하러 가자”라며 당찬 각오를 보였다. 호날두는 월드컵 직전 레알 유니폼을 입고 유럽축구연맹(UEFA) 챔피언스리그 우승컵을 들어 올린 바 있다.
",http://news.naver.com/main/ranking/read.nhn?rankingType=popular_day&oid=005&aid=0001103102&date=20180604&type=1&rankingSectionId=101&rankingSeq=9,20180604
sports,"""전명규 영구제명 요구""…'젊은 빙상인 연대'의 외침","올림픽 쇼트트랙 금메달리스트들이 빙상계 적폐의 중심으로 꼽혀온 전명규 한체대 교수의 영구 제명을 촉구하고 나섰습니다.

김아랑, 이호석 등 금메달리스트와 지도자 등 20명으로 구성된 '젊은 빙상인 연대'는 성명서를 통해 대한민국 빙상계를 썩은 숲으로 만든 전명규 씨의 영구 제명을 강력히 요구한다고 밝혔습니다.

또 문체부 감사에서 심각한 문제점이 드러난 대한빙상경기연맹을 하루빨리 관리단체로 지정해야 한다고 주장했습니다. ",http://news.naver.com/main/ranking/read.nhn?rankingType=popular_day&oid=032&aid=0002873811&date=20180604&type=1&rankingSectionId=101&rankingSeq=10,20180604
sports,LG·삼성발 태풍에 정규리그 판도 요동,"[앵커]
반환점을 향해 가는 프로야구 정규리그 판세가 요동치고 있습니다.

태풍의 진원지는, 최근 가파른 상승세를 타고 있는 LG와 삼성입니다.

허재원 기자가 보도합니다.

[기자]
두산의 독주와 한화, SK의 추격 구도로 굳어지던 상위권 판세에는 최근 LG가 무서운 기세로 뛰어들었습니다.

연승과 연패를 거듭하며 승률 5할을 넘나들던 LG는 지난주 6경기를 모두 쓸어담고 3위 SK에 1경기 차로 바짝 따라붙었습니다.

소사와 윌슨, 두 원투펀치에 차우찬과 임찬규로 이어지는 선발진은 10개 팀 중 가장 많은 33번의 퀄리티스타트를 기록했습니다.

김현수가 이끄는 타선도 팀타율 3할을 넘기는 등 LG는 완벽한 공수 균형 속에 막강한 전력을 과시하고 있습니다.

[김현수 / LG 외야수 : (시즌) 초반에 안 좋은 점이 많았는데, 이병규·신경식 코치님이 많은 도움을 주셨고 체력 관리를 잘해주셔서 좋은 결과로 이어진 것 같습니다.]

지난 2년 연속 9위에 머문 삼성의 반전은 더욱 극적입니다.

우규민을 불펜으로 돌린 게 적중하면서 마무리 심창민과 최강의 필승계투진을 완성했습니다.

러프와 강민호, 구자욱이 이루는 중심 타선의 짜임새도 지난해보다 크게 좋아졌습니다.

지난주 5연승을 달린 삼성은 거의 하루에 한 계단씩 순위를 끌어올리며 이제 5위 KIA마저 사정권에 들어왔습니다.

[박해민 / 삼성 외야수 : (성적이) 안 좋았던 시기를 생각하면서 즐기자고 마음먹고 편하게 하다 보니 좋은 성적이 나는 것 같습니다.]

6연승의 LG와 5연승의 삼성.

프로야구 판도를 뒤흔들고 있는 상승세의 두 팀은 이번 주말, 대구에서 3연전 맞대결을 펼칩니다.",http://news.naver.com/main/ranking/read.nhn?rankingType=popular_day&oid=001&aid=0010126740&date=20180604&type=1&rankingSectionId=101&rankingSeq=11,20180604
sports,우리는 '최고의 슈터' 스테픈 커리 시대에 살고 있다(영상),"[스포티비뉴스=이민재 기자] NBA는 2000년대 침체기를 겪었다. 수비와 느린 템포, 스타 부재 등 여러 문제가 합쳐진 결과였다. 이후 이를 극복하고 인기가 점점 올라가고 있다. 빠른 템포, 화끈한 공격력 덕분이다. 코트 어디서든 꽂는 외곽슛과 폭발력 있는 덩크슛 등으로 많은 팬들의 관심을 사로잡고 있다.

이를 이끈 선수 중 한 명이 바로 스테픈 커리(골든스테이트 워리어스)다. 정규 시즌 MVP, 연일 계속되는 3점슛 신기록 등으로 새 역사를 쓰고 있다.

커리는 4일(이하 한국 시간) 클리블랜드 캐벌리어스와 2018 NBA 파이널 2차전에서 38분간 33점 7리바운드 8어시스트 1스틸 FG 11/26 3P 9/17로 펄펄 날며 팀 승리를 이끌었다.

커리는 이날 신기록을 세웠다. 파이널 한 경기 최다 3점슛 기록이었다. 이전 기록은 레이 앨런이 지난 2010 NBA 파이널 2차전에서 기록한 8개였다. 커리는 이날 52.9%의 적중률로 3점슛 9개를 적중했다.

사실 커리의 행보 자체가 NBA 신기록과 수없이 연결된다. 3점슛 역사를 매번 갈아치우고 있기 때문이다. 굵직굵직한 기록이 많다. 지난 2015-16시즌에는 한 시즌 최다 3점슛을 기록했다. 무려 402개였다. 한 시즌 전에 기록한 286개보다 116개 더 많은 3점슛을 꽂으면서 화끈한 폭발력을 자랑했다.

커리는 정규 시즌 기세를 플레이오프까지 이어갔다. 플레이오프 단일 시리즈 최다 3점슛 신기록을 세웠다. 2016년 콘퍼런스 파이널과 파이널에서 각각 32개의 3점슛을 넣었다.

한 경기 최다 3점슛 신기록도 그의 몫이었다. 2017년 11월 8일 뉴올리언스 펠리컨스와 경기에서 3점슛 13개를 터뜨렸다. 이후 커리는 이날 파이널 기록까지 갈아치웠다. 역사상 최고의 외곽 슈터다운 폭발력이었다.

스티브 커 감독은 경기 후 인터뷰에서 “정말 대단했다. 우리가 득점이 필요할 때마다 중요한 슛을 성공했다”라고 칭찬했다. 상대 팀 르브론 제임스와 케빈 러브도 커리 경기력을 언급했다. 르브론은 ""커리가 늘 하던 대로 했다. 놀라거나 위축되지는 않았다""라고 말했다. 러브 역시 ""커리를 막는 건 정말 힘들다. 그는 항상 오픈 기회를 잘 만들어 낸다""고 밝혔다.

커리는 플레이오프 들어 존재감이 그리 크지 않았다. 상대 팀의 집중 견제를 받으면서 공격 밸런스를 잃은 탓이었다. 무릎 부상에서 돌아온 지 얼마 되지 않아 체력적인 문제도 컸다.",http://news.naver.com/main/ranking/read.nhn?rankingType=popular_day&oid=374&aid=0000159273&date=20180604&type=2&rankingSectionId=101&rankingSeq=12,20180604
sports,"[롤랑가로스] 세레나, 샤라포바와 경기 앞두고 기권…나달 8강행","[스포티비뉴스=조영준 기자] 세레나 윌리엄스(36, 미국, 451위)가 마리아 샤라포바(31, 러시아, 세계 랭킹 30위)와 경기를 앞두고 기권을 선언했다. '흙신' 라파엘 나달(32, 스페인, 세계 랭킹 1위)이 롤랑가로스 프랑스오픈 테니스 대회 11번째 우승을 향해 순항했다.

윌리엄스는 4일(한국 시간) 프랑스 파리의 스타드 롤랑가로스 필립 샤트리에 코트에서 열릴 예정이었던 2018년 롤랑가로스 프랑스오픈 테니스 대회 여자 단식 16강전에 출전할 예정이었다.

그러나 경기를 불과 얼마 남겨 놓지 않은 상황에서 기권을 선언했다. 윌리엄스는 팔과 흉근 부상을 이유로 경기에 출전하기 힘들다고 털어놓았다. 

윌리엄스는 ""최선을 다해서 치료할 예정이다""며 ""(몸상태가) 50% 혹은 60%가 되지 않아도 경기하지 않겠다고 약속했다""고 밝혔다.

지난해 9월 출산한 윌리엄스는 지난 1월 호주 오픈에 불참했다. 프랑스오픈에서 3번 우승(2002 2013 2015)한 그는 네 번째 정상에 도전했다. 3회전까지 승승장구한 윌리엄스는 샤라포바와 펼치는 '클래식 매치'를 눈앞에 두고 있었다. 2016년 호주오픈 8강전 이후 1년 5개월 만에 열리는 경기이기에 팬들의 관심을 높았다.
그러나 윌리엄스는 경기를 포기하며 이번 대회를 마감했다. 윌리엄스가 4개 그랜드슬램 대회(호주오픈 롤랑가로스 프랑스오픈 윔블던 US오픈)에서 기권한 것은 이번이 처음이다. 

윌리엄스는 ""예전에는 이런 일을 겪어보지 못했다. 정말 괴롭다. 전에 (대회 도중) 부상이 생겼다면 어떻게 대처할 지 알았을 것""이라며 아쉬움을 드러냈다. 그는 ""의사들의 진단을 받고 따르겠다""고 덧붙였다. 

2004년 이후 윌리엄스와 상대 전적에서 18연패에 빠진 샤라포바는 행운의 기권승을 거두며 8강에 진출했다. 윌리엄스와 샤라포바의 상대 전적은 윌리엄스가 19승 2패로 압도적인 우위에 있다.

샤라포바는 2014년 이 대회 우승 이후 4년 만에 16강을 통과했다. 그는 가르비네 무구루사(24, 스페인, 세계 랭킹 3위)와 레시아 츄렌코(29, 우크라이나, 세계 랭킹 39위)가 펼치는 16강전 승자와 준준결승전을 치른다.

나달은 남자 단식 16강전에서 막시밀리안 마르터러(22, 독일, 세계 랭킹 70위)를 세트스코어 3-0(6-3 6-2 7-6<4>)으로 이겼다.

이번 대회 톱 시드를 받은 나달은 이변의 덫을 피하며 승승장구하고 있다. 개인 통산 11번째 프랑스오픈 정상에 도전하는 그는 22살의 젊은 기대주 마르터러를 손쉽게 제압했다.

마르터러는 이번 대회 16강에 진출하며 개인 통산 그랜드슬램 대회 최고 성적을 냈다. 8강으로 가는 길목에서 그는 '최강' 나달을 만났다. 마르터러는 3세트에서 선전했지만 끝내 나달의 높은 벽을 넘지 못했다.
디에고 슈와르츠만(25, 아르헨티나, 세계 랭킹 12위)은16강전에서 케빈 앤더슨(32, 남아공, 세계 랭킹 7위)에게 3-2(1-6 2-6 7-5 7-6 6-2)로 짜릿한 역전승을 거뒀다. 슈와르츠만은 나달과 준결승 진출을 다툰다.

앞서 열린 여자 단식 16강전에서는 세계 랭킹 1위 시모나 할렙(26, 루마니아)이 엘리제 메르텐스(22, 벨기에, 세계 랭킹 16위)를 2-0(6-2 6-1)으로 완파했다. 

지난해 결승에 진출했던 할렙은 옐레나 오스타펜코(21, 라트비아, 세계 랭킹 5위)에게 1-2로 역전패했다. 올해 호주 오픈에서도 준우승에 그친 그는 이번 대회에서 그랜드슬램 대회 첫 우승을 노린다.

할렙은 캐롤라인 가르시아(24, 프랑스, 세계 랭킹 7위)와 안젤리크 케르버(30, 독일, 세계 랭킹 12위)가 펼치는 16강전 승자와 8강전을 치른다. 

올해 호주오픈 우승자인 캐롤라인 보즈니아키(27, 덴마크, 세계 랭킹 2위)는 16강전에서 다리아 카사트키나(21, 러시아, 세계 랭킹 14위)에게 0-2(6<5>-7 3-6)로 져 8강 진출에 실패했다.",http://news.naver.com/main/ranking/read.nhn?rankingType=popular_day&oid=469&aid=0000304552&date=20180604&type=1&rankingSectionId=101&rankingSeq=13,20180604
sports,"[오피셜] 움티티, 바르사 5년 재계약 서명...바이아웃 6,270억","[스포탈코리아] 박대성 기자= 사무엘 움티티가 바르셀로나와의 재계약에 최종 서명했다. 바르사는 움티티와 동행을 결정했고 바이아웃도 5억 유로로 책정했다.

바르사는 4일(한국시간) 구단 공식 홈페이지를 통해 움티티와의 재계약을 발표했다. 공식 발표에 따르면 움티티는 2023년까지 바르사 유니폼을 입고 뛴다. 바이아웃도 5억 유로(약 6270억원)로 대폭 상승했다.

움티티는 지난 2016년 바르사에 입단해 곧바로 역량을 과시했다. 제라르 피케와 인상적인 호흡을 보이며 바르사 주전 수비로 발돋움했고, 올시즌 리그 우승과 유럽축구연맹(UEFA) 챔피언스리그 8강 진출에 공헌했다.

여름 이적 시장이 다가오자 타 구단와 이적설에 휘말렸다. 스페인 현지 언론들은 움티티와 재계약을 보도하면서 맨체스터 유나이티드, 맨체스터 시티 등이 노린다고 보도했다. 바르사는 움티티와 협상 테이블에 앉았고 5년 재계약을 체결해 모든 루머를 잠재웠다.

움티티도 장기 재계약에 크게 만족했다. 바르토메우 회장과 함께한 서명식에서 그는 “정말 행복하다. 바르사와 재계약을 체결해 자랑스럽다. 나는 바르사 선수로 더 오래 활약하고 싶다”라고 말했다.",http://news.naver.com/main/ranking/read.nhn?rankingType=popular_day&oid=001&aid=0010128086&date=20180604&type=1&rankingSectionId=101&rankingSeq=14,20180604
sports,바르사는 쿠보를 잊지 않았다.. 2019년 재영입 계획,"[스포탈코리아] 김성진 기자= FC 바르셀로나가 ‘일본 메시’라 불리는 쿠보 타케후사(17, FC 도쿄)를 여전히 주의 깊게 보고 있다.

4일 스페인 ‘문도 데포르티보’에 따르면 바르사는 쿠보를 재영입하기 위한 움직임을 보이고 있다. ‘문도 데포르티보’는 바르사가 내년에 18세가 되는 쿠보를 B팀으로 영입할 수 있다고 전했다.

쿠보는 유년 시절에 천재성을 드러낸 공격수다. 8세였던 2009년 일본 요코하마에서 열린 바르사의 축구캠프에 참여했다가 당시 테크니컬 디렉터였던 오스카 에르난데스의 눈에 띄어 바르사 유소년팀 입단 테스트를 받았다. 그리고 2011년 바르사 유소년팀에 입단했다.

그는 2015년까지 바르사의 연령별 유소년팀에서 뛰었다. 하지만 바르사가 18세 미만 선수의 해외 이적을 금지하는 국제축구연맹(FIFA) 규정을 위반해 징계를 받자 일본으로 돌아왔다. 

쿠보는 도쿄 유소년팀에서 선수 생활을 이어갔다. 소속은 유소년팀이지만 월반을 거듭해 U-23팀 경기에 이어 1군 경기까지 출전했다. 지난해에는 16세의 나이에 U-20 월드컵에 출전했다. 바르사는 그런 쿠보의 행보를 하나도 놓치지 않고 관찰했다.

쿠보를 스카우트한 에르난데스는 쿠보의 가족과 여전히 각별한 관계를 유지하고 있다. 그는 “쿠보는 여전히 바르사만 생각하고 있다. 그는 다른 팀의 제안에는 귀를 기울이지도 않는다”며 쿠보가 오로지 바르사 복귀만 생각한다고 전했다.

바르사 유스팀인 라 마시아를 총괄하고 있는 호세 마리 바케로와 기예르모 아모르도 쿠보가 일본에서 성장하고 있는 모습을 꾸준히 점검하고 있었다. 아모르는 “특별한 상황이라 우리는 종종 쿠보와 그의 가족과 대화한다. 법적으로 허용된 연령에 달했고, 일정 수준에 있으면 바르사로 돌아올 것”이라고 전했다.

쿠보는 바르사를 떠난 뒤 도쿄에서 훈련하지만, 1년에 1번씩은 바르사를 방문해 후베닐B에 있는 전 동료들과 함께 훈련을 하고 있다. 

올 시즌 쿠보는 U-23팀 소속으로 10번의 1군 경기에 나서 1골을 터뜨렸다. 나이를 생각하면 분명 성장세를 이어가고 있다. 그의 이러한 모습이 바르사의 기대를 충족해 내년에 복귀로 이어질 지 주목된다.",http://news.naver.com/main/ranking/read.nhn?rankingType=popular_day&oid=079&aid=0003108822&date=20180604&type=1&rankingSectionId=101&rankingSeq=15,20180604
sports,"NC ""김경문 감독 퇴진은 구단 결정, 고문 대우 확실히""","계약기간인 2019년까지 잔여 연봉 지급, 복지 제공도
(서울=뉴스1) 정명의 기자 = 김경문 감독이 7년만에 NC 다이노스 지휘봉을 내려놓았다. 구단의 결정이었고, 김 감독은 이에 따랐다.

NC는 지난 3일 밤 보도자료를 통해 ""김경문 감독 이후 유영준 단장을 감독대행으로 정해 남은 시즌을 치른다""고 밝혔다. 김 감독의 퇴진이라는 팩트 속에서 자진사퇴인지 경질인지는 뚜렷하지 않았다.

김종문 단장대행은 4일 뉴스1과 통화에서 ""구단이 먼저 어려운 결정을 내렸고, 감독님께서도 구단 결정을 받아들이셨다""고 설명했다. NC는 유영준 단장이 감독대행직을 맡으면서 김종문 미디어홍보팀장에게 단장대행 역할을 맡겼다.

김 감독의 퇴진은 사실상 경질인 셈이다. 그러나 NC 구단 측은 '경질'이라는 단어에 조심스러워했다.

김 단장대행은 ""창단 때부터 구단을 위해 헌신하신 분한테 경질이라는 표현을 쓰는 것은 예의가 아닌 것 같다. 그래서 '리더십 교체'라고 발표한 것""이라며 ""시즌 중 이런 결정을 내린 것에 대한 비난은 감수해야 한다. 김경문 감독님께도 죄송하다""고 말했다.

보통 감독이 물러날 경우 수석코치가 감독대행을 맡는다. 수석코치가 아니더라도 1군에서 선수단과 함께하던 코치에게 감독대행 역할이 주어진다. 단장이 감독대행을 맡는 것은 이번 NC가 KBO리그 사상 처음이다.

이에 대해 김 단장대행은 ""김평호 수석코치님이 김경문 감독을 따라 사의를 밝혔다. 다른 코치님들께 감독님의 자리를 대신하게 하는 것도 감독님에 대한 예의가 아닌 것이라 판단했다""고 해명했다.

또한 유영준 감독대행이 프로 감독 경험이 없는 것에 대해서는 ""유영준 감독대행은 장충고등학교 감독 생활을 10년 하신 분""이라며 ""야구는 감독 혼자 하는 것이 아니고, 그동안 유영준 감독대행이 1군 코치들과 관계도 원만했기 때문에 분위기를 잘 추스를 수 있을 것""이라고 우려를 불식했다.

김 감독은 NC 구단의 고문으로 자리를 옮긴다. NC는 김 감독에게 고문 대우를 확실히 하겠다는 입장이다. 감독으로서 계약기간인 2019년까지 잔여연봉을 모두 지급하고 고문으로서 차량 및 자기계발비 제공, 건강 관리 등 복지 혜택도 지원한다. 

황순현 NC 대표이사는 ""김경문 감독님 덕분에 신생팀이 이 자리까지 오를 수 있었다""며 ""감독님이 그 동안 보여준 헌신과 열정, 노력에 감사드린다. 과감한 혁신 작업으로 팬의 기대에 부응하겠다""고 말했다.

구단 대표이사의 말대로 NC는 과감한 혁신 작업을 시작했다. 팀이 최하위에 머물고 있는 가운데 구단 입장에서는 피할 수 없는 선택이었는지 모른다. 그렇게 또 한 명의 명장이 구단의 의지로 현장을 떠나게 됐다.",http://news.naver.com/main/ranking/read.nhn?rankingType=popular_day&oid=015&aid=0003954844&date=20180604&type=1&rankingSectionId=101&rankingSeq=16,20180604
sports,"NC, 김경문 감독 경질 ‘씁쓸한 뒷맛’","NC 김경문 감독(사진)이 전격 경질됐다. 지난 3일 마산 삼성전을 앞두고 황순현 NC 대표이사가 유영준 단장에게 감독대행을 맡으라고 통보했고 김경문 감독에게는 구단 고문 자리를 권유했다. 유 단장과 김 감독은 이를 받아들였다. 삼성에 7-8로 패한 뒤 김 감독은 유 단장에게 “팀을 잘 추슬러달라”는 말을 하고 야구장을 떠났다.

2016년 11월, 3년간 총액 20억원에 재계약한 김 감독은 계약기간을 절반 넘게 남겨두고도 일찌감치 ‘레임덕’을 맞이했다. 프런트와 현장 양쪽에서 코너에 몰린 상황이었다.

NC는 지난해 12월 이태일 대표이사가 전격 사임했고 모기업 NC소프트의 황순현 최고소통책임자(CECO)가 자리를 대신했다. 구단 살림을 새로 맡게 된 프런트는 긴축 경영을 택했다. 창단 직후 초기 투자 기간이 끝났다는 판단이 작용했다. 이 과정에서 갈등이 시작됐다. 김 감독은 비시즌 동안 전력 보강을 위해 대형 자유계약선수(FA)의 영입을 원했지만 구단은 재정을 이유로 이 요구를 거절했다.

외국인 선수 영입 결정에서도 ‘레임덕’이 드러났다. 구단이 선택한 투수 왕웨이중과 로건 베렛은 김 감독이 그렸던 그림과 달랐다. 특히 베렛은 메디컬테스트에서 팔꿈치 이상이 드러났지만 연봉 10만달러, 옵션 70만달러의 형태로 바꿔 계약을 진행했다.

NC는 4월 초반 선두권을 지켰지만 이내 순위가 떨어졌다. 주축 선수들의 부진과 부상이 이어졌다. 예년 같았으면 빈자리를 대체할 선수들이 있었지만 프런트와의 관계에서 드러난 김 감독의 ‘레임덕’은 곧장 현장 분위기에도 영향을 미쳤다. 카리스마를 바탕으로 한 김 감독의 선수단 장악력도 떨어질 수밖에 없었다.

지난 5월15일 롯데전에서 3-5로 패하면서 창단 처음으로 10위로 곤두박질친 이후 반등의 기회를 좀처럼 찾지 못했다. 프런트는 반등의 계기를 사령탑 교체에서 찾았다. 구단 관계자는 “모멘텀이 필요했다”고 설명했다. 황 대표이사도 “과감한 혁신 작업으로 팬의 기대에 부응하겠다”고 했다.

어찌 보면 정해진 수순이지만 뒷맛이 썩 개운치 못하다. 창단 뒤 빠르게 팀을 상위권으로 이끈 김 전 감독과의 마지막 이별이 씁쓸하게 끝났다. 유 감독대행이 펼칠 야구는 방향조차 제대로 잡히지 않았다. 시즌이 절반 이상 남았는데도 팬들은 벌써 시즌을 포기한 듯한 느낌을 받을 수밖에 없는 상황이다.",http://news.naver.com/main/ranking/read.nhn?rankingType=popular_day&oid=081&aid=0002920209&date=20180604&type=1&rankingSectionId=101&rankingSeq=17,20180604
sports,아시안게임 야구대표팀 ‘승리기여도’로 선발해 봤더니…투수 양현종·포수 양의지 확실시,"2018 자카르타-팔렘방 아시안게임에 태극마크를 달고 뛸 야구 대표팀의 윤곽이 오는 11일 코칭스태프 회의를 통해 드러난다. 앞서 선동열 대표팀 감독은 지난 4월9일 대표팀 예비명단을 발표하면서 “최고의 기량을 보이는 선수들을 뽑겠다”고 천명했다. 그렇다면 올 시즌 팀당 약 60경기를 치른 시점에서 최고 기량을 보여 아시안게임 대표팀 승선 가능성이 높은 선수는 누구일까.

야구 통계 사이트 스탯티즈가 측정한 4일 현재 대체선수 대비 승리기여도(WAR)를 보면 양의지가 3.64로 가장 높다. WAR은 해당 선수가 일반적인 수준의 선수들보다 얼마나 더 많은 승리에 기여했는지를 나타내는 지표. 리그 유일의 타율 4할 타자인 양의지는 포수로서도 젊은 투수들을 잘 리드하며 두산의 선두 질주를 이끌고 있다. 김현수도 양의지와 함께 3이상의 WAR을 기록(3.36)했다. 익숙지 않은 4번·1루수를 맡으면서도 5월 월간 타율 2위(0.412), 안타(42개)·타점(29개) 1위에 올랐다.
2014년 인천 아시안게임에서 아쉽게 대표팀에 승선하지 못한 안치홍도 WAR이 2.91로 2루수 중 가장 높다. 3루수 1위는 홈런 선두 최정(SK·2.46)이다. 유격수 WAR 1위는 1.76의 넥센 김하성이다. 손바닥 부상으로 지난달 중순 약 2주를 결장했는데도 타율 3할2푼5리에 9홈런으로 타격 성적이 빼어나다. 병역 문제가 걸려 아시안게임 금메달이 절박한 오지환(LG)의 WAR은 1.44로 유격수 중 2위다.

국가대표 단골인 1루수 롯데 이대호(2.19)와 외야수 손아섭(2.16)도 상위에 올랐다. LG 이형종의 WAR도 2.16으로 높지만, 대표팀 예비명단에 이름을 올리지 못했다.

투수의 경우 외국인 선발 투수들이 리그 WAR 상위권에 대거 오른 가운데 KIA의 양현종이 3.08로 전체 2위·국내 투수 중 1위다. 올해 성공적으로 선발에 정착한 두산 이용찬이 2.04, 차세대 에이스로 떠오른 넥센 최원태가 1.86으로 뒤를 잇는다. 불펜 투수들 중에선 두산 함덕주(1.71)와 한화 정우람(1.62), 삼성 최충연(1.38) 정도가 돋보인다.
",http://news.naver.com/main/ranking/read.nhn?rankingType=popular_day&oid=001&aid=0010126967&date=20180604&type=1&rankingSectionId=101&rankingSeq=18,20180604
sports,구름에 달 가듯 … 한 풀러 다시 돌아올까,"김경문 NC 감독, 부진으로 경질돼
불펜투수 흔들, 외국인 선수도 부진
남은 시즌은 유영준 감독대행 체제
김경문(60) 감독이 NC 다이노스를 떠났다. ‘만년 준우승 감독’ 꼬리표를 떼지 못한 채 물러났다. 

NC 구단은 3일 밤 창원 마산구장에서 열린 홈 경기에서 삼성 라이온즈에 7-8로 패한 뒤 “김경문 감독 이후 유영준 단장을 감독 대행으로 정해 남은 시즌을 치른다”고 발표했다. 4일 코칭스태프 보직도 변경했다. 김 감독을 보좌하던 김평호 수석코치와 양승관 코치는 사퇴했다. 조대오 NC 홍보팀 매니저는 “선수들도 기사를 보고 소식을 접해 깜짝 놀란 눈치”라고 했다. 김 감독은 3일 밤 서울로 떠나면서 선수들과 제대로 인사도 나누지 못했다. 

이로써 김경문 감독은 한국시리즈 우승의 한을 풀지 못한 채 야인으로 돌아가게 됐다. 김 감독은 두산 감독으로서 세 차례(2005·07·08년), NC 감독으로서 한 차례(2016년) 한국시리즈에 진출했지만 모두 준우승에 그쳤다. 

2016년 NC를 이끌고 친정 팀인 두산과 한국시리즈에서 만났을 때는 4전 전패로 무릎을 꿇었다. 김 감독은 통산 1700경기에서 896승 30무 774패의 성적을 남겼다. 40~50대 감독이 주류를 이루는 프로야구판에 김 감독이 언제 다시 돌아와 우승 트로피를 들어올릴 지는 미지수다. 

NC 구단은 ‘현장 리더십 교체’라는 표현을 쓰며 “김 감독을 구단의 고문으로서 호칭과 예우를 하겠다”고 했다. 하지만 사실상 성적 부진으로 인한 경질의 성격이 짙다. 2011년 8월 NC의 창단 감독으로 부임한 김 감독은 지난 7년 동안 NC를 신흥 강호로 만들었다. 1군 진입 첫해인 2013년 정규시즌 7위로 선전했고, 이후 2014년과 2015년 3위, 2016년 2위, 2017년 4위를 기록했다. 하지만 올해는 최하위로 떨어졌고, 9위 롯데 자이언츠와 경기 차는 5.5경기로 벌어진 상태다. 

그동안 NC를 뒷받침했던 불펜 투수들이 와르르 무너지면서 부진이 시작됐다. NC 불펜 평균자책점은 6.06로 리그 최하위다. 필승조로 불렸던 원종현·김진성·임창민 등은 수년 간 피로가 누적된 상태다. 마무리 투수 임창민은 오른쪽 팔꿈치 수술로 시즌 아웃됐다. 이로 인해 김경문 감독은 투수들을 혹사시키는 ‘킬(kill)경문’이란 불명예스러운 별명도 얻었다. 더구나 묵묵히 땀을 흘렸던 불펜 투수들은 지난 겨울 연봉 협상에서 제대로 대우를 받지 못했다. 

불펜의 힘이 빠지면서 상대적으로 약했던 선발 투수진도 흔들렸다. 특히 새로운 외국인 투수 로건 베렛(미국)이 2승5패, 평균자책점 6.49로 부진해 2군으로 내려갔다. 베렛 교체를 두고 김 감독과 NC 수뇌부 사이에 보이지 않는 갈등도 있었다. 

타격도 부진의 늪에 빠졌다. NC는 타율(0.248)·타점(219개) 등 주요 타격 지표에서 10위에 자리하고 있다. 김 감독은 “우리 팀이 못할 수도 있는데, 못하면 이상한가 보다”라며 안타까워했다. 

결국 김 감독은 또 한차례 프로야구의 냉혹한 현실을 마주했다. 창단 7년 밖에 안 된 신생 구단을 지난 4년간 포스트시즌에 진출시켰지만, 지난 두 달 동안 부진한 성적 탓에 짐을 쌌다. 2011년 두산 베어스 감독직에서 물러날 때도 마찬가지였다. 김 감독은 2004년부터 두산을 맡아 팀을 6차례나 포스트시즌에 올려놨지만, 2011년 6월 8팀 중 7위까지 떨어지면서 중도 하차했다. ",http://news.naver.com/main/ranking/read.nhn?rankingType=popular_day&oid=015&aid=0003954835&date=20180604&type=1&rankingSectionId=101&rankingSeq=19,20180604
sports,[월드컵 이슈] '시즌 14골 19도움' 사네가 탈락한 독일의 강력함,"[스포탈코리아] 박대성 기자= 르로이 사네가 러시아행 비행기에 오르지 못한다. 월드컵 최종 명단 탈락의 고배를 마셨다.

독일축구협회는 4일(한국시간) 공식 홈페이지를 통해 월드컵 최종 23인을 발표했다. 독일은 2014년 브라질 월드컵 우승에 이어 2018년 러시아 월드컵에서도 트로피 도전에 나선다. 대회 2연패 도전이다.

독일은 최종 23인 발표 직전 27인 예비 명단으로 평가전을 치렀다. 장기 부상으로 신음했던 마누엘 노이어가 오스트리아전에서 변함 없는 경기력을 보였다. 요아힘 뢰브 감독은 국제축구연맹(FIFA)에 4명을 제외한 23인을 제출했고, 베른트 레노, 조나탄 타, 사네, 닐스 페터슨이 러시아에 가지 못했다.

사네는 올시즌 잉글랜드 프리미어리그와 유럽 무대에서 맹활약했다. 펩 과르디올라 감독 지도 아래 맨체스터 시티 핵심 선수로 발돋움했고 프리미어리그에서 32경기 10골 15도움을 기록했다.

컵 대회 전체로 넓혀도 마찬가지다. 사네는 프리미어리그 포함 유럽축구연맹(UEFA) 챔피언스리그, EFL 컵, 잉글랜드 FA컵에 출전했다. 총 49경기에 출전해 팀 화력을 도왔고 14골 19도움을 기록했다. 리버풀과의 챔피언스리그 4강전에서 아쉬운 모습을 보였지만 올시즌 경기력은 유럽 상위권이다.

뢰브 감독은 왜 사네를 최종 명단에서 제외했을까. 맨시티와 달리 독일 대표팀에서 사네는 그리 인상적이지 않았다. 지난 2015년 11월 프랑스와의 친선 경기에서 데뷔전을 치른 그는 독일 A대표팀에서 총 12경기에 출전했다. 그러나 공격 포인트는 단 1도움에 불과하다.

스페인, 브라질, 오스트리아전에서도 공격 포인트를 올리지 못했다. 스페인전에서 교체로 21분, 브라질전에서 61분, 오스트리아전에서 68분 동안 그라운드를 누볐지만 이렇다 할 포인트를 달성하지 못했다. 독일은 스페인에 무승부, 브라질과 오스트리아에 각각 0-1, 1-2로 패한 바 있다.

독일의 막강한 중원도 사네 탈락에 한 몫 했다. 독일은 사네를 제외하고도 율리안 드락슬러, 메수트 외질, 율리안 브란트, 마르코 로이스, 토마스 뮐러 등 출중한 자원을 보유하고 있다. 올시즌 14골 19도움을 기록했을지라도 대표팀에서 1도움은 뢰브 감독의 눈길을 사로 잡지 못한 셈이다. 토너먼트에서 단단한 수비도 사네 발탁에 발목을 잡았다.

실제 뢰브 감독도 인정한 부분이다. 뢰브 감독은 최종 23인 발표 이후 “브란트와 사네를 고민했다. 사네는 뛰어난 재능이지만 공격수 대신 수비를 선택했다. 뮐러, 로이스, 드락슬러도 있다”라고 설명했다.

■ 독일, 러시아 월드컵 최종 명단 

골키퍼 : 마누엘 노이어, 마르크 테어 슈테겐, 케빈 트랍

수비수 : 조슈아 킴미히, 제롬 보아텡, 니콜라스 쥘레, 마츠 훔멜스, 마티아스 긴터, 안토니오 뤼디거, 요나스 헥토어, 마빈 플라텐하르트

미드필더 : 사미 케디라, 율리안 드락슬러, 토니 크로스, 메수트 외질, 율리안 브란트, 레온 고레츠카, 세바스티안 루디, 일카이 귄도간, 마르코 로이스

공격수 : 토마스 뮐러, 마리오 고메즈, 티모 베르너",http://news.naver.com/main/ranking/read.nhn?rankingType=popular_day&oid=011&aid=0003314120&date=20180604&type=1&rankingSectionId=101&rankingSeq=20,20180604
entertainment,"[단독]'쎄쎄쎄' 임은숙, 유방암 투병 끝 오늘(4일) 별세..향년 45세","임은숙이 4일 오전 별세했다. 향년 45세.

4일 헤럴드POP 취재 결과 임은숙이 이날 오전 유방암을 끝내 극복하지 못하고 세상을 떠났다.

故 임은숙은 지난 1993년 그룹 '쎄쎄쎄'로 데뷔. '아미가르 레스토랑'을 비롯해 '널 지워야할 이유' '썰렁한걸 모르니' '떠날거야' 등을 남기며 원조 걸크러시 그룹으로 주목받았다.

특히 임은숙은 지난 1월 JTBC '슈가맨2'에 출연해 유방암 4기라는 사실을 고백해 안타까움을 자아내기도 했다. 故 임은숙은 당시 ""촬영 한 달 전에 간에 다발성으로 전이가 됐는데 방송에 출연할 수 있을지도 확실하지 않았다""며 ""딸과 한 약속 지키기 위해 나왔고, 마지막으로 멤버들과 좋은 추억을 만들고자 나왔다""고 밝혀 눈시울을 붉혔다.

故 임은숙 부친은 이날 헤럴드POP과의 전화통화에서 ""은숙이가 정말 나쁜 사람이 아니다. 좋은 분들과 더 오래 세상을 살다 갔으면 좋았을 것""이라며 안타까운 심정을 밝혔다.

한편 고인의 빈소는 충남 홍성 추모 장례식장에 마련됐으며 장지는 홍성 추모공원이다. 6일 발인",http://news.naver.com/main/ranking/read.nhn?rankingType=popular_day&oid=052&aid=0001153621&date=20180604&type=2&rankingSectionId=103&rankingSeq=1,20180604
entertainment,"""아기는 건강""..추자현, 득남→경련 증상 응급실行→치료받고 회복중 [종합]","[OSEN=하수정 기자] 추자현이 지난 1일 남편 유효광 곁에서 아들을 출산한 가운데, 이후 경련 증상을 보여 응급실로 이동해 치료를 받고 회복 중이다. 

추자현의 소속사 BH엔터테인먼트 측은 4일 오후 ""추자현 씨가 지난 금요일 새벽 출산 후, 밤늦게 경련 증상을 보여 즉시 응급실로 이송돼 응급치료를 받았다. 현재 회복 중에 있다""며 공식 입장을 밝혔다.

소속사 측은 이어 ""자세한 병명과 원인은 검진 중이며, 추자현 씨는 의사의 권고에 따라 안정을 취하고 있다. 남편 우효광 씨가 보살피고 있고, 아기는 매우 건강한 상태다""고 말했다.

이미지 원본보기

앞서 추자현♥우효광 부부는 지난해 4월 백년가약을 맺었고, 지난 1일 결혼 1년 2개월 만에 첫 아들을 낳고 부모가 됐다.

추자현♥우효광은 SBS 부부 예능 '동상이몽2-너는 내 운명'을 통해 아기에 대한 바람을 드러냈기에, 이번 출산에 네티즌들의 축하도 이어졌다. 또, 추자현은 1979년생으로 40대에 들어선 노산이었으나, 다행히 건강한 아들을 낳았다.

추자현의 출산 직후 우효광은 자신의 SNS에 ""여보 수고했다. 오늘 이 세상에 당신을 사랑하는 남자가 한 명 더 늘었네. 하늘이 내게 은혜를 내려줬다. 세상의 모든 아이들에게 은총과 축복을""이라는 글과 함께 아들의 발 도장 사진을 게재했다.

추자현 역시 SNS에 ""바다(태명)가 이 세상에 왔다. 축하 감사드린다. 아이는 정말 건강하다. 아이를 꼭 긍정적이고 현명하고 강하고 겸손한 아이로 키우겠다""며 행복한 소감을 덧붙였다.

한편, 추자현♥우효광은 대표적인 한중 국제 커플로, 3년 전 중국의 한 드라마를 통해 연인으로 발전했다. 2012년 중국드라마 '마랄여우적행복시광(麻辣女友的幸福時光)'에 함께 출연하며 첫 만남을 가졌고, 2015년 드라마 '남교기공영웅전(南橋机工英雄傳)'에서 두 번째 호흡을 맞추며 연인 사이가 됐다. 이 소식은 국내에도 알려져 관심을 모았고, '동상이몽2-너는 내 운명'에 출연해 리얼한 부부 생활을 공개하며 큰 사랑을 받았다./hsjssu@osen.co.kr",http://news.naver.com/main/ranking/read.nhn?rankingType=popular_day&oid=449&aid=0000153258&date=20180604&type=2&rankingSectionId=103&rankingSeq=2,20180604
entertainment,"[단독] 쎄쎄쎄 이윤정, ""어제 임은숙 병문안 다녀왔는데.."" 갑작스런 비보에 슬픔(인터뷰)","[OSEN=하수정 기자] 쎄쎄쎄 이윤정이 '유방암 투병' 중 사망한 동료 임은숙을 추모했다.

4일 오후 이윤정은 OSEN에 ""사실 어제도 임은숙을 보고 왔다. 병문안을 다녀왔는데, 오늘 그 소식을 접했다""며 무거운 마음을 드러냈다.

이윤정은 이어 ""아직 (임은숙의) 장례식장에 가지 못했다. 쎄쎄쎄의 다른 멤버와 함께 오늘 저녁에라도 갈 생각이다""며 더이상의 말은 잇지 못했다.

또한, 이윤정에 따르면 고(故) 임은숙의 발인 날짜는 5일이 아닌 6일이라고. 과거 호적상의 문제로 실제 나이는 43살인 것으로 알려졌다.

이미지 원본보기

한편, 고 임은숙은 유방암 투병 끝에 4일 세상을 떠났다. 딸과의 약속을 지키기 위해 올해 초 방송 출연도 결심했을 만큼 의지를 보여줬기에 더욱 안타까움을 자아내고 있다.

과거 그룹 쎄쎄쎄로 활동한 고인은 지난 1월 29일 방송된 JTBC '슈가맨2'에 출연해 암 투병 사실을 고백했다. 당시 임은숙은 ""유방암 4기다. 지난달에 간 전이가 돼 여기 나올 수 있을지 없을지도 모르는 상황이었다. 하지만 딸과의 약속을 지키기 위해 나왔다. 병을 앓고 계시는 모든 분들 힘 내셨으면 좋겠다""고 털어놨다.

이날 방송에서 쎄쎄쎄는 '신데렐라 컴플렉스(온달에게 고함)', '아미가르 레스토랑', '떠날거야' 등으로 90년대 큰 인기를 끌었던 그룹이자 원조 걸크러시 매력을 뽐냈다. 임은숙은 장유정, 이윤정과 함께 '슈가맨2'에 등장해 오랜만에 시청자들에게 반가움을 선사했다./hsjssu@osen.co.kr",http://news.naver.com/main/ranking/read.nhn?rankingType=popular_day&oid=025&aid=0002825955&date=20180604&type=1&rankingSectionId=103&rankingSeq=3,20180604
entertainment,"[종합] '득남' 추자현, 출산 당일 응급실 행…""아이는 건강·회복중""","[엑스포츠뉴스 이덕행 기자] 지난 1일 득남 소식을 알린 배우 추자현이 출산 당일 응급실에 이송됐던 것으로 알려졌다.

소속사 BH엔터테인먼트는 4일 오후 ""추자현이 지난 금요일 새벽 출산 후 금요일 밤늦게 경련 증상을 보여 즉시 응급실로 이송되어 응급치료를 받고 현재 회복 중에 있다""며 ""자세한 병명과 원인은 검진 중인 상황이다. 의사의 권고에 따라 안정을 취하고 있다""고 관련 사실을 알렸다.

이어 ""우효광이 보살피고 있으며, 아이는 매우 건강한 상태다. 추자현을 걱정해주신 많은 분들께 감사하다""고 덧붙였다.

앞서 추자현과 우효광 부부는 1일 득남 소식을 알리며 많은 축하를 받았다. 당시만 하더라도 ""추자현과 아이 모두 건강한 상태다. 두 사람 모두 안정을 취하고 있다""며 큰 문제가 알려지지 않았다.

오히려 우효광이 한국과 중국을 오가는 일정 속에서도 추자현의 곁을 지켰다는 사실이 알려지며 '우블리'와 추자현에 대한 축하가 이어졌다.

우효광과 추자현 역시 각각의 웨이보 계정을 통해 득남 소식을 중국에 알리며 기쁜 감정을 나타냈다. 우효광은 ""이 세상에 아내를 사랑할 또 한 명의 남자가 생겼다. 두 사람 모두 하늘이 준 선물""이라며 아이와 아내를 향한 애정을 드러냈고 추자현 역시 ""드디어 바다가 세상에 왔다. 긍정적이고 강하게 키우겠다""는 다짐을 밝혔다.

하지만 기쁨도 잠시, 추자현이 출산 당일 밤 응급실을 찾았다는 사실이 알려지며 놀라움을 안겼다. 해당 소식을 접한 누리꾼들 역시 ""쾌유를 빈다"" ""빨리 회복해서 아기랑 행복한 모습을 보고 싶다""며 갑작스러운 소식에 응원을 건넸다.

한편, 추자현과 우효광 부부는 2012년 중국 드라마 '마랄여우적행복시광'으로 인연을 맺어 2017년 웨딩마치를 올렸다. SBS '동상이몽2-너는 내 운명'에 출연하며 많은 사랑을 받았다.",http://news.naver.com/main/ranking/read.nhn?rankingType=popular_day&oid=028&aid=0002412347&date=20180604&type=1&rankingSectionId=103&rankingSeq=4,20180604
entertainment,"[단독] 김미려♥정성윤 부부 둘째 임신…""마냥 기뻐요"" (인터뷰)","[이데일리 스타in 박현택 기자] 둘째를 임신한 가수 겸 개그우먼 김미려가 소감을 전했다.

김미려는 4일 이데일리에 “첫째 모아를 낳았을 때는 아무런 걱정이 없어서 하고 있던 일도 모두 그만두고 참 편하게 지냈는데 둘째를 임신하니까 마음이 어딘가 무겁고 더 큰 책임감이 든다”라고 말했다. 이어 “이것이 진정 부모의 마음가짐인가 싶기도 하다”며 “그래도 임신했다는 사실이 마냥 기쁘고 행복하다”고 말했다. 그는 이어 “첫째 모아에게도 그랬지만, 아이에게 많은 것을 원하기보다 그저 항상 건강하게만 컸으면 하는 바람이다”라고 말했다.김미려는 최근 산부인과를 찾아 둘째 임신 사실을 확인했다. 현재 임신 13주차로 첫째 딸 모아양이 태어난 후 5년만에 새로운 가족을 맞이하게 됐다. 

김미려는 지난 2013년 배우 정성윤과 결혼, 이듬해 첫째 딸 정모아 양을 낳았다. 모아 양은 김미려를 닮은 큰 눈과 뚜렷한 이목구비로 많은 대중의 큰 사랑을 받고 있다. 김미려의 소속사 에스드림이엔티는 “앞으로 태교와 함께 방송활동도 병행할 예정이다. 보내주신 따뜻한 사랑과 관심에 진심으로 감사하다. 김미려가 순산할 수 있도록 많은 응원과 격려해주시길 부탁한다”고 전했다.",http://news.naver.com/main/ranking/read.nhn?rankingType=popular_day&oid=015&aid=0003954906&date=20180604&type=1&rankingSectionId=103&rankingSeq=5,20180604
entertainment,"[SC이슈] 딸과의 약속 지키고...가수 임은숙, 안타까운 사망 (종합)","[스포츠조선 정준화 기자] 1990년대 보컬그룹 쎄쎄쎄로 활동했던 가수 임은숙이 별세했다. 향년 45세. 암투병 끝에 이른 나이로 세상을 떠난데다가 어린 딸과의 사연이 전해져 안타까움을 더하고 있다.

4일 가요관계자들에 따르면 故 임은숙은 이날 세상을 떠났다. 유방암으로 투병 중이었는데, 최근 다발성 전이로 결국 별세 했다. 그녀의 어린 딸이 엄마를 보내고 홀로 남겨졌다.

그는 지난 1993년 그룹 '쎄쎄쎄'로 데뷔한 이후 '아미가르 레스토랑'을 비롯해 '널 지워야할 이유' '썰렁한걸 모르니' '떠날거야' 등을 발표하며 많은 사랑을 받은 가수다.

앞서 그는 투병 중인 사실을 밝히기도 했다. 지난 1월 JTBC '슈가맨2'에 출연해 유방암 4기라고 밝힌 바. 당시 방송에서 임은숙은 ""촬영 한 달 전에 간에 다발성으로 전이가 됐는데 방송에 출연할 수 있을지도 확실하지 않았다""며 ""마지막으로 멤버들과 좋은 추억을 만들고자 나왔다""고 말해 관심을 받기도 했다.

임은숙의 별세 소식이 더욱 안타까움을 자아내는 이유는 딸의 존재 때문. 당시 방송에서 그는 ""딸과 한 약속 지키기 위해 나왔다""고 밝히기도 했다. 이에 방송 이후 많은 이들의 응원이 쏟아졌지만, 고인은 결국 눈을 감고 말았다. 

현재 각종 SNS 등을 통해 많은 동료 가수들과 팬들의 추모 행렬이 이어지고 있는 중이다.

한편 고인의 빈소는 충남 홍성 추모 장례식장에 마련됐으며 장지는 홍성 추모공원이다. 6일 발인. ",http://news.naver.com/main/ranking/read.nhn?rankingType=popular_day&oid=422&aid=0000321456&date=20180604&type=2&rankingSectionId=103&rankingSeq=6,20180604
entertainment,"[★해시태그] 김나영, 비키니로 뽐낸 물 속 'D라인'","[엑스포츠뉴스 유은영 기자] 방송인 김나영이 물 위에서 아름다운 D라인을 뽐냈다.

김나영은 4일 자신의 인스타그램에 ""휴가 왔다""는 소식과 함께 여러 장의 사진을 공개했다. 공개된 사진 속 김나영은 휴가를 즐기며 아름다운 미소를 뽐내고 있다.

또 다른 사진 속 김나영은 비키니를 입고 수영을 즐기고 있다. 특히 김나영은 출산을 앞둔 만큼 아름다운 D라인을 뽐내 눈길을 끈다.

김나영은 ""좋아하는 언니들과 아무것도 안 하는 휴가 왔다. 잘 먹고 잘 쉬다 최신우에게 가겠다""고 덧붙였다.

이미지 원본보기

김나영은 지난 2015년 결혼했다. 이듬해 첫아들 최신우 군을 출산했다. 김나영은 최근 둘째 임신 소식을 전했으며, 올여름 출산 예정이라고 밝혔다.
",http://news.naver.com/main/ranking/read.nhn?rankingType=popular_day&oid=032&aid=0002873783&date=20180604&type=1&rankingSectionId=103&rankingSeq=7,20180604
entertainment,‘복면가왕’ 동방불패 8연승...하현우 이어 역대 가왕 랭킹 2위,"[OSEN=유지혜 기자] 어제(3일) 방송된 MBC ‘복면가왕’에서는 ‘동방불패’가 8연승을 거두며 역대 가왕 랭킹 2위에 올랐다. 9연승을 올린 가왕 하현우를 바짝 따라잡은 그의 연승 행렬에 관심이 뜨겁다. 
 
노래 고수들의 맹공격에 맞선 ‘동방불패’의 선곡은 김현철의 ‘달의 몰락’이었다. 노래가 끝난 후 원곡자 김현철은 “원곡보다 멋지게 노래를 불러줘서 행복하다”는 소감을 밝혔다. 다른 판정단 또한 “모든 장르의 노래를 다 섭렵한 음악의 신이다”, “사람에게 쾌감을 주는 음역대를 가졌다”며 열광했다. 
 
이로써 ‘동방불패’는 9연승 가왕 하현우와 단 1승의 차이만 남겨두게 됐다. 그는 “다음 무대가 굉장히 중요할 것 같다. 늘 노력하며 부족함을 채워갈 수 있는 가왕이 되겠다”며 다시 한 번 연승에 대한 의지를 불태웠다.
 
쉴 틈 없이 몰아치는 고음으로 스튜디오에 깊은 울림을 선사했지만 아쉽게도 가왕의 문턱을 넘지 못한 ‘검투사’는 아이돌 그룹 비투비의 메인보컬 서은광이었다. 진주의 ‘난 괜찮아’, 임창정의 ‘이미 나에게로’ 등 난이도 높은 노래들을 자유자재로 소화한 그에게 판정단은 “정말 완벽하게 노래했다”, “가왕에게 없는 구슬픈 한을 지녔다”고 극찬했다. 
 
과거 ‘석봉이’ 가면으로 한 차례 ‘복면가왕’에 도전한 적 있는 서은광은 “지난 번 판정단으로 출현해 워너원 김재환의 무대를 지켜봤다. 풋풋하면서 패기 넘치던 그 모습에 나도 다시 노래하고 싶어졌다”라며 가왕 자리에 재도전 이유를 밝혔다. 유영석은 “그동안 실력이 정말 많이 성장했다. 좋은 무대였다”는 응원의 메시지를 보냈다. 
 
매력적인 음색과 흥겨움으로 판정단을 사로잡은 ‘굿걸’에게도 많은 관심이 쏠렸다. 카이로부터 “리듬감이 훌륭하다”, “종합예술인의 끼를 가지고 있다”는 칭찬을 받은 그의 정체는 바로 트로트 걸그룹 LPG 출신의 연기자 한영이었다. 6년 전 갑상선암 수술 도중 성대를 다쳐 노래를 쉽게 할 수 없었다는 그에게 신봉선은 “목 상태가 안 좋은데도 불구하고 ‘복면가왕’에 나와 밝은 에너지를 보여줘서 고맙다”는 인사를 건넸다. 
 
특유의 서정적인 음색으로 이원진의 ‘시작되는 연인들을 위해’, 김광석의 ‘잊어야 한다는 마음으로’를 부르며 청중을 매혹시킨 ‘경복궁’은 ‘별이 진다네’, ‘산다는 건 다 그런 게 아니겠니’ 등 다양한 히트곡을 보유하고 있는 감성 밴드 여행스케치의 남준봉이었다. 이윤석은 “대학생 때 MT에 가면 빠지지 않는 떼창곡이었다”, “그 시절 힐링송의 주인공을 만나게 되어 영광이다”라며 그를 반겼다. 남준봉은 “가면을 쓰고 노래하니 나의 비밀을 대중에게 들려주는 것 같았다”, “지나온 추억들이 떠올라 즐거웠다”는 출연 소감을 밝혔다. 
 
묵직한 저음과 매력 넘치는 개인기로 레이디제인에게 “저분에게 얼굴이 없어도 사랑할 수 있다”는 돌직구 고백을 받은 ‘노천탕’은 뮤지컬 배우 고은성이었다. “가슴 안에 용광로가 끓고 있는 것 같다”, “깊은 울림을 선사한다”는 평을 받은 그가 얼굴을 공개하자 레이디제인을 비롯한 많은 판정단이 환호했다. 가면을 벗은 그는 “고등학교 시절 가수가 되고 싶어 자퇴까지 했다. ‘복면가왕’을 통해 못 다 이룬 꿈이었던 가수로서 무대에 서게 되어 기쁘다”고 말했다. 
 
8연승에 성공하며 9연승 가왕 하현우의 뒤를 맹추격하는 가왕 ‘동방불패’, 그의 한계 없는 질주에 제동을 걸 새로운 복면 가수 8인의 무대는 오는 일요일(10일) 오후 4시 50분 ‘복면가왕’에서 확인할 수 있다./ yjh0304@osen.co.kr",http://news.naver.com/main/ranking/read.nhn?rankingType=popular_day&oid=296&aid=0000036127&date=20180604&type=1&rankingSectionId=103&rankingSeq=8,20180604
entertainment,[단독] '꽃보다 할배' 프리퀄로 먼저 본다…하이라이트 방송,"[마이데일리 = 신소원 기자] '꽃보다 할배' 리턴즈 첫 방송 이전, 프리퀄 형태의 하이라이트 방송으로 먼저 만난다.

4일 마이데일리 취재 결과, 케이블채널 tvN '꽃보다 할배 리턴즈' 첫 방송에 앞서 '꽃보다 할배' 이전의 활약상을 하이라이트 형태로 담는 프리퀄을 방송한다.

'꽃보다 할배 리턴즈'는 오는 8일 막을 내리는 '숲속의 작은 집' 후속으로 오는 29일 방송된다. 그러다보니 약 2주간의 방송이 그 시간대에 비는 상황.

오는 15일에는 타 프로그램 재방송이 예정돼있다. 이어 22일에는 '꽃보다 할배' 4개 시즌을 한꺼번에 볼 수 있는 프리퀄 형태의 하이라이트가 편성돼 시청자들을 먼저 찾을 예정이다.

한편 '꽃보다 할배 리턴즈'는 가제이며 정확한 명칭은 결정되지 않았다. 4일 오전 인천국제공항에 집결한 '꽃보다 할배 리턴즈' 멤버들은 독일로 떠났다. 오는 29일 밤 9시 50분 첫 방송 예정.",http://news.naver.com/main/ranking/read.nhn?rankingType=popular_day&oid=056&aid=0010583311&date=20180604&type=2&rankingSectionId=103&rankingSeq=9,20180604
entertainment,"[단독]김생민, 광고 위약금 無… 직접적 금전 피해 無","방송인 김생민(45)이 미투(Me Too) 논란 이후 자숙 중이다. 자숙 전 가장 주목받았던 것 중 하나가 광고 위약금 문제다. 취재 결과 직접적인 금전 피해는 없었다.

김생민은 팟캐스트 '송은이·김숙의 비밀보장'에서 이른바 '경제자문위원'으로 불리며 인기를 끌었다. 이에 힘입어 지난해 KBS 2TV '김생민의 영수증'을 론칭했다. 그는 근검절약 정신과 '스튜핏' '그뤠잇' 등이 재미를 전해 주는 유행어가 돼 제1의 전성기를 누렸다. 출연 중인 프로그램만 10개에 달했고, 20여 편에서 광고 모델로 활동했다.

그러던 중 지난 4월 2일 미투 운동 가해자로 지목, 논란이 일었다. 10년 전인 2008년 서울의 한 노래방에서 여성 스태프 2명을 성추행했고 최근 그중 한 명을 만나 직접 사과했다는 보도가 나온 것. 공식 사과 이후 모든 방송에서 하차했다. 논란과 함께 광고 위약금이 뜨거운 감자였다. 적게는 억원대부터 많게는 수십억원대까지 위약금을 물게 될지 모른다는 얘기가 방송가에서 흘러나왔다.

그러나 김생민은 광고 위약금으로 금전적 타격을 받지 않았다. 한 광고계 관계자는 ""단발성 위주 계약이었다. 논란이 일었을 때 이미 계약이 끝난 광고도 있었다. 위약금은 '법정 구속일 경우'란 단서가 있어 사회적 물의만으로 위약금까지 가긴 쉽지 않다""고 말했다.

광고 계약을 체결할 경우 ''병'은 사회적 물의(마약·사기 등 죄로 형사상 징역형(집행유예 포함)에 해당하는 형벌을 받는 경우를 말한다)를 일으키거나 '갑'의 명예를 훼손하는 언행 등으로 '갑'의 상품 및 기업 이미지에 손상을 가하지 않도록 한다'는 내용으로 명시돼 있어 이 경우에는 해당되지 않는다는 설명이었다. 

이 관계자는 ""해당 논란은 10년 전 일이다. 단발성 광고 계약은 디테일하게 계약 사항을 다루지 않기에 위약금에서 보다 자유로웠을 것""이라고 전했다.
",http://news.naver.com/main/ranking/read.nhn?rankingType=popular_day&oid=018&aid=0004118571&date=20180604&type=1&rankingSectionId=103&rankingSeq=10,20180604
entertainment,"[종합] ""진짜 셀럽의 삶""…'미우새' 박수홍, '럭셔리 승츠비'에 빠졌다","[스포츠조선 조윤선 기자] '미운우리새끼' 박수홍이 '승츠비' 승리의 매력에 흠뻑 빠졌다.

3일 밤 방송된 SBS '미운우리새끼'에서는 스페셜 MC로 이수경이 출연한 가운데 세 아들의 일상이 공개됐다.

승리의 럭셔리 풀빌라에 초대받은 박수홍은 도착하자마자 입을 다물지 못했다. 승리가 박수홍을 위해 풀사이드 바비큐 만찬을 준비한 것. 박수홍은 ""넌 진짜 셀럽의 삶이다. 넌 진짜 연예인""이라며 감탄했고, 승리는 ""형이 즐거우면 나도 즐겁다""며 한껏 여유를 부렸다. 승리는 통돼지 바비큐까지 대접했고, 박수홍은 ""너 덕분에 호강한다""며 연신 감동했다. 이어 ""너희 부모님은 진짜 좋겠다. 나도 너 같은 아들을 뒀어야 한다""며 진심을 고백(?)해 폭소케 했다. 또 승리가 요즘은 친구들 연령대가 다양한 게 대세라고 말하자 박수홍은 ""난 진심으로 널 친구 삼고 싶다""며 적극 구애해 웃음을 안겼다.

이날 승리는 ""해외 나와서 파티 즐기고 외국 친구들과 있던 게 빅뱅이 월드 투어를 돌 때부터였던 거 같다""고 말했다. 그는 ""외국 친구들은 내가 빅뱅이란 건 알지만 내게 관심이 없다. 그냥 자기 인생 사느라 바쁘고 즐기기 바쁘다. 그 와중에 날 만난 건데 승리가 에너지가 좋고 같이 있으면 즐거운 그게 다인 거다. 그래서 해외 친구들과 함께 있을 때면 굉장히 자유를 느낀다. 자유로워지는 걸 느낀다""고 털어놨다.

또 승리는 발리 해변에서 승마를 즐기는 럭셔리 취미 생활을 선보여 놀라움을 안겼다. 박수홍도 승리와 함께 승마에 도전했지만, 연신 어설픈 자세로 ""쏘리""를 외쳐 폭소케 했다.

이미지 원본보기이상민은 사유리 모녀와 함께 외출했다. 앞서 사유리의 어머니는 이상민에게 결혼과 손주(?)를 강요한 바 있다. 이에 이상민은 무작정 자신을 끌고 가는 사유리 어머니를 보면서 ""강제로 동사무소 가시는 거 아니냐""며 불안해했다. 그러나 도착한 곳은 사유리 어머니의 단골 옷가게. 사유리의 어머니는 직접 머리부터 발끝까지 이상민을 꾸며주며 ""데리고 가고 싶은 곳이 있다""고 말했다. 알고 보니 사유리 어머니의 36년 지기 절친한 친구들을 만나러 간 것.

사유리 어머니는 ""사유리 남편 후보를 보여주려고 왔다""며 이상민을 소개했고, 사유리는 당황했다. 사유리 어머니의 친구들은 진짜 사윗감을 탐색하듯 이상민을 유심히 보며 관심을 보였다. 사유리는 어머니의 거침없는 발언에 통역을 거의 하지 않았고, 이상민은 무슨 말인지 못 알아들어 진땀을 흘렸다. 사유리 어머니는 이상민의 과거 화려한 전성기를 언급하며 흐뭇해했다. 이에 이상민도 깨알같이 일본 가수의 앨범을 프로듀싱 했던 과거를 자랑했다. 또 폭풍 랩까지 선보이며 분위기를 한껏 띄웠다.

사유리와 어머니는 식사 내내 이상민 자랑을 쉬지 않고 했다. 사유리는 ""이상민은 머리가 좋다"", ""이상민과 욘사마는 동급""이라고 자랑했다. 이에 이상민도 당당하게 ""옛날에 같이 스노보드도 타고, 옆집에 살았다. 그때 욘사마는 68평, 나는 108평이었다""고 과시했다. 그러나 이내 ""그때부터 내가 밑으로 떨어지고 욘사마는 톱이 됐다""고 털어놨고, 이를 들은 사유리 어머니는 ""이제부터 쭉 올라갈 거다""라며 사위 사랑은 장모임을 드러냈다.

이미지 원본보기김건모는 스승의 날을 맞아 태진아의 집을 찾았다. 그러나 김건모는 태진아에게 카네이션과 함께 업소용 테이블을 선물하는 엉뚱한 면모를 드러냈다. 또한 태진아를 위해 챙겨온 산낙지로 직접 요리까지 했다. 태진아는 안마의자와 돈이 더 좋다고 하면서도 자신을 잊지 않고 찾아온 김건모에게 고마움을 표현했다. 그는 ""그래도 네가 와서 고맙다. 나이 들면 여러 가지로 서운한 데가 많다. 그러지 말아야지 하면서도 서운한 생각을 한다""고 털어놨다. 김건모는 계속해서 태진아를 위한 요리를 준비했다. 화기애애한 분위기가 이어지는 상황에서 태진아는 ""네가 곡 쓴 걸 내가 불러보고 싶다""고 말했다. 그러자 김건모는 작곡비와 작사비, 코러스비를 요구했다. 이에 태진아는 ""주면 되는 거 아니냐""면서도 ""너 요즘 이상해졌다""고 신경전을 벌여 폭소케 했다.

다시 김건모가 만든 쫄면을 먹으며 분위기가 풀린 두 사람. 김건모는 과거 일본에 진출해 일본어가 꽤 능숙한 태진아에게 일본어를 배우기로 했다. 태진아는 가사를 외국어로 바꿔 부르면서 외우는 자신만의 비법을 공개했고, 두 사람은 일본어로 노래를 열창했다.

이미지 원본보기한편 이날 스페셜 MC로 나온 이수경은 '미우새'의 열혈 시청자임을 밝혔다. 또 이수경은 애교 가득한 모습과 순수한 매력으로 모벤져스를 사로잡았다. 그러나 이수경은 뜻밖의 비글미를 발산하며 '미운 우리 따님'임을 인증했다. 이수경은 과거 사업 실패 경험을 털어놓으며 ""일이 안정적이질 못하니까 요식업에 도전했다. 브런치 카페랑 내가 좋아하는 거 하려고 일본식 선술집을 했다. 근데 계속 신경을 쓸 수 없다 보니 빈틈이 나면 안 된다고 망했다""고 말했다. 이어 ""처음부터 무턱대고 크게 해서 100평, 70평짜리로 했다""며 ""미래가 불안해서 그랬는데 무슨 생각에 했는지 진짜 모르겠다. 그래도 많은 교훈을 얻었다""고 밝혔다. 이를 들은 신동엽도 ""나도 옛날 생각 하면 무슨 귀신에 씌었는지 왜 그랬나 싶다""고 공감해 웃음을 자아냈다.

또 신동엽은 이수경이 학창시절 친구와 누가 더 오랫동안 머리 안 감나 내기해서 10일 동안 안 감고 이겼다는 사실도 폭로(?)했다. 이에 모벤져스는 놀라움을 금치 못했고, 이수경은 ""엄마가 방송에서 말하지 말라고 했는데""라며 부끄러워했다.

이 밖에도 이수경은 ""술 모으는 걸 좋아한다. 모으면 술 좋아하는 분들에게 선물하고, 좋은 날 같이 마시기도 한다""며 ""낮술을 좋아하는데 주량은 컨디션에 따라 다르다. 평소에는 막걸리를 좋아한다""고 밝혔다. 이어 ""낮에 술을 마시기 시작하다 보니까 반주라는 개념이 생겨서 밥 먹을 때도 술 생각이 난다""고 덧붙였다. 이를 들은 신동엽은 ""단아하고 예쁜 알코올 중독""이라고 돌직구를 날려 폭소케 했다.",http://news.naver.com/main/ranking/read.nhn?rankingType=popular_day&oid=422&aid=0000321458&date=20180604&type=2&rankingSectionId=103&rankingSeq=11,20180604
entertainment,"[리뷰IS] ""파리의 여신""…'뭉뜬' 설현, 막 찍어도 인생샷","그룹 AOA 설현이 파리에서도 빛나는 미모를 자랑했다.

3일 방송된 JTBC '패키지로 세계일주-뭉쳐야 뜬다'에서는 프랑스로 떠난 설현과 김용만 외 3명의 모습이 그려졌다.

이날 설현은 생애 첫 패키지여행임에도 아재 4인방과 잘 어울리며 놀라운 적응 속도를 보여줬다. 또래 자매들과도 공감대를 형성하며 급속도로 가까워졌다. 뿐만 아니라 여행 내내 미소를 잃지 않으며 주변에 밝은 에너지를 전파했다.

설현은 '뭉뜬' 프로그램 사상 첫 단독 여성 게스트이기도 한 바, 아재 4인방은 설현을 위해 평소보다 환전을 더 하는 등 설렘을 감추지 못해 웃음을 안겼다. 설현을 보기 위해 몰려든 팬들을 위해 보디가드를 자처하기도. 아재 4인방은 ""설현이 보호해줘야 한다""며 남다른 각오를 전했다.

파리에 도착한 설현은 신이 난 듯 연신 카메라 버튼을 눌렀다. 아이돌답게 카메라 체크도 척척 알아서 했다. 파리의 상징과도 같은 에펠탑을 보자 금세 얼굴에 미소가 지어지기도. 설현은 에펠탑을 배경으로 시그니처 포즈를 취하며 인생샷을 남겼다. 이에 아재 4인방도 즉석에서 설현 따라잡기에 도전, 손가락 끝까지 디테일을 살리며 폭소를 자아냈다.

설현은 정형돈과 함께 최근 트렌드로 떠오른 영상을 연출하기도 했다. 의욕 과다의 정형돈은 연신 ""설현아!""를 외치며 창작욕을 불태웠다. 그러자 김용만은 ""설현이 욕할 것 같다""고 걱정했고, 설현은 ""저는 괜찮다""며 싫은 기색 하나 없이 촬영에 응했다. 설현의 싹싹한 면모에 아재 4인방 모두 설현을 칭찬했다.

노트르담 대성당 관람 후 설현과 아재 4인방은 점심 식사를 위해 레스토랑을 찾았다. 옷과 말투 때문에 자주 싸운다는 자매의 말에 설현도 공감했다. 설현은 ""언니와 6살 차이다. 나이 차이가 많이 나서 자주 싸우지는 않지만 유일하게 옷 때문에 싸워봤다""며 ""언니 옷을 많이 입고 나가곤 했다. 언니가 무서워서 '들어와'라고 하면 바로 들어갔다""고 해 웃음을 안겼다.

이후 설현은 몽마르트르 화가 거리에서 초상화를 그리기로 했다. 설현은 부푼 기대를 안고 의자에 앉았지만 결과물은 설현의 예상과는 다소 달랐다. 본인과 닮지 않았다며 시무룩해진 것도 잠시 설현은 자신의 초상화를 그려준 화가를 향해 ""땡큐""라고 웃으며 고마움을 표해 훈훈함을 자아냈다.",http://news.naver.com/main/ranking/read.nhn?rankingType=popular_day&oid=056&aid=0010582993&date=20180604&type=2&rankingSectionId=103&rankingSeq=12,20180604
entertainment,"[종합] ""연기력 논란, 더 노력할 것""…'검법남녀' 정재영X정유미, 1위도 해낼까","[마이데일리 = 용인 이승록 기자] ""앞으로 더 노력하겠다는 각오입니다."" 

4일 경기 용인시 MBC 월화드라마 '검법남녀'(극본 민지은 원영실 연출 노도철) 국과수 세트장에서 진행된 촬영 현장 공개에서 여주인공 은솔 역 정유미는 ""은솔의 마음을 염두에 두고 계속 연기를 했다. 다른 여러 가지 부분은 노력하고 있다""며 극 초반 불거진 연기력 논란에 대해선 ""초반에 아무래도 보여지는 부분이 많아서 부족한 부분이 더 많게 보여질 수 있다고 생각한다. 앞으로 더 노력하겠다""고 강조했다.

이미지 원본보기지난달 14일 첫 방송된 '검법남녀'는 실력 하나는 최고이지만 괴팍한 법의관 백범(정재영)과 포토메모리 능력에 '금수저'라는 독특한 이력을 가진 초임 검사 은솔의 특별한 공조를 다룬 드라마다. 

""분량이 이렇게 많은 작품은 처음이 아닌가 싶다""는 정유미는 은솔이 ""오지랖 넓은 성격의 캐릭터다. 여기저기 돌아다니며 참견하는 성격이고, 체력이 힘들 때도 있었지만, 감독님과 상의하며 따듯한 감성의 은솔이 차가운 백범을 만나며 어떻게 변하게 될까 등이었다""고 설명했다.

이미지 원본보기총 32부작(1일 2회 편성) 중 12회까지 소화했으며, 빠른 전개와 실감나는 연출 등으로 최근 시청률 상승세를 보이며 인기 끌고 있다.

정유미는 출연 검토 단계에서 ""이번 작품은 대본이 정말 재미있었다. 어떻게 영상화가 될지 궁금했다""며 ""그런 포인트를 시청자 분들도 봐주신 것 같아서 시청률이 좋지 않았나 생각한다""고 시청률 상승 소감을 밝혔다.

이미지 원본보기특히 지난주 당초 월화극 강자였던 KBS 2TV '우리가 만난 기적'(극본 백미경 연출 이형민 조웅)이 종영함에 따라 '검법남녀'는 시청률 1위 등극도 노려볼 법한 상황이다.

정유미는 ""'우리가 만난 기적' 쪽을 끌어온다기보다 내용 자체가 초반에는 인물을 소개했던 데 비해서 점점 관계들이 얽혀져서 벌어지는 사건이 많다""며 ""사건들에 대한 기대가 큰 만큼 시청률의 상승으로 온다면 좋겠다고 기대한다""고 전했다.

이미지 원본보기연출자 노도철 PD는 ""처음 생각했던 대로 많은 분들이 좋아해주셔서 감사 드린다. 앞으로도 여러 이야기가 남아있다""며 ""준비 기간이 짧았음에도 배우들의 열연과 스태프들의 헌신, 작가 분들의 노력이 합쳐져서 열심히 막아내고 있다. 마지막까지 관심 가져주시면 감사하겠다""고 당부했다.

이미지 원본보기이 밖에 자극적인 장면 연출이 있다는 일부 지적이 이날 나오자 주연 정재영은 ""호불호가 갈릴 수 있지만, 100명을 다 맞출 수는 없다. 그러나 저희는 드라마 만드는 입장에서 최대한 '이게 맞다'는 것을 설정하고 가고 있다""며 ""이런 취향이 안 맞으시면 안 보실 것이다. 식사하시며 볼 것은 아니다. 그런 부분은 각오하시고 봐야 한다""고 솔직하게 말했다.

그러면서 ""저도 개인적으로 장르물을 좋아하고 잔인한 것도 잘 본다. 전 지상파라서 수위가 너무 낮다는 생각이다""며 ""감독님은 칼을 보여주는 것도 고민을 한다. 전 반대로 못 보여주는 게 한이다""고 웃었다.

월, 화요일 밤 10시 방송.",http://news.naver.com/main/ranking/read.nhn?rankingType=popular_day&oid=469&aid=0000304573&date=20180604&type=1&rankingSectionId=103&rankingSeq=13,20180604
entertainment,"[SC이슈]""꽃할배 리턴즈""…꽃보다 멋진 할배들의 5人5色 공항 패션","[스포츠조선 이승미 기자] 다시 돌아온 꽃보다 멋진 할배들의 새로운 여행이 시작됐다.

나영석 PD가 진두지휘하는 tvN 새 예능 프로그램 '꽃보다 할배 리턴즈' 팀이 오늘 4일 인천공항을 통해 독일로 출국했다. 이날 원년멤버 이순재, 신구, 박근형, 백일섭, 영원한 이들의 짐꾼 이서진은 물론 새로운 멤버 김용건까지 밝은 모습으로 모습을 드러냈다.할배들의 멋진 공항 패션도 눈길을 끌었다. 큰 형 이순재는 중절모와 베이지 컬러의 자켓으로 깔끔하게 멋을 냈고 신구는 회색 모자와 파란 티셔츠와 편한 가벼운 화이트 점퍼로 여행 분위기를 냈다. 백일섭은 스트라이프 티셔츠에 하얀색 숄더 백을 매고 밝은 모습으로 등장했다.연예계 대표 멋쟁이 할배인 박근형과 김용건은 멋진 블루 셔츠와 재킷으로 눈길을 끌었다. 박근형은 큰 키에 더욱 잘 어울리는 파란색 셔츠에 화이트 팬츠를 매치시켰고 김용건은 파란색 재킷에 청바지를 입어 멋을 더했다.한편, 국내를 넘어 중국, 미국, 유럽 등지에서도 제작되어 큰 사랑을 받은 글로벌 예능 '꽃보다 할배' 시리즈는'황혼의 배낭여행'을 콘셉트로 하며 이순재 신구 박근형 백일섭 등이 출연했으며 나영석의 페르소나 이서진이 '짐꾼'으로 활약했다. 2013년 첫 방송된 후 '꽃보다 누나' '꽃보다 청춘' 등 스핀오프 프로그램이 제작되기도 했다.

3년만 다시 돌아오는 '꽃보다 할배 리턴즈'는 '숲속의 작은 집' 후속으로 6월 29일 첫방송된다.",http://news.naver.com/main/ranking/read.nhn?rankingType=popular_day&oid=081&aid=0002920161&date=20180604&type=1&rankingSectionId=103&rankingSeq=14,20180604
entertainment,"안녕하세요' 게으른 아내, 알고보니 맞벌이에 육아까지…사연자 역풍","게으른 아내에 대한 사연을 신청했던 남편이 역풍을 단단히 맞았다. 

오늘(4일) 밤 방송되는 KBS 2TV 대국민 토크쇼 ‘안녕하세요’에서는 사연 신청자 남편과 고민 유발자 아내가가 뒤바뀐 고민역전 상황이 펼쳐져 MC와 출연진 모두를 당황시킨 유쾌한 해프닝이 벌어진다.

이와 관련 공개된 사진 속에는 신동엽, 이영자, 지상렬뿐만 아니라 설현, 민아, 김소영의 놀라움과 황당함이 뒤섞인 갖가지 리액션이 담겼다. 더군다나 김태균은 오히려 사연 신청자를 추궁하는 눈길로 압박하고 있어 대체 어떤 상황인지 궁금하게 만들고 있다.

이날 등장한 ‘하…천불 납니다!’ 사연은 집안일을 하지 않는 나무늘보보다 더 게으른 아내 때문에 속이 답답하다는 결혼 15년 차 남편의 하소연이다.

사연을 신청한 고민주인공은 아내가 세탁과 설거지 등 집안일에 게을러 정돈되지 않은 집안이 흡사 ‘도둑이 들었나’싶을 정도로 어질러져 있다고 호소했다. 냉장고에 곰팡이가 피고, 집안의 그릇을 다 쓸 때까지 설거지를 하지 않아 대부분의 집안일을 자신이 도맡아 한다는 것. 어느 때는 바닥에 손톱 모아놓은게 그대로 남아있었다며 아내의 귀차니즘을 낱낱이 고발했다.

이에 고민주인공의 아내는 “저도 인정하는 부분”, “문제가 있다”고 쿨하게 인정하는 모습을 보여줘 출연진을 1차로 당황시켰다.

하지만 아내에게도 정당한 이유가 있었다. 맞벌이를 하면서 두 아이의 양육을 맡고 있었고 남편이 모델하우스와 같이 지나치게 깔끔한 집을 원한다는 것. 어느정도 이해가 되는 반박에 현장의 분위기와 주도권은 점차 아내에게 넘어가기 시작했다.

정작 고민주인공은 아내와 상의를 하지않고 모든 것을 자기 혼자서만 결정하고 통보해왔다는 사실이 밝혀지면서 오히려 역풍을 맞았다.

속속 밝혀지는 깜짝 놀랄 반전스토리에 MC 신동엽은 급기야 “잠깐만요, 자리 좀 바꿔봐요”라고 제안하는가 하면 “지금 아내분 표정이 여기 나오길 잘했다는 것 같다”며 이참에 남편에게 서운했던 일들을 털어 놓으라고 권유했다.

이어진 충격적인 이야기는 아내의 주장에 더욱 힘을 실어줬다. 이를 듣던 김태균이 남편을 추궁하자 “아 예”만 연발하는 등 처음과 달리 완전히 위축된 모습을 보여 남편과 아내의 위치가 서로 뒤바뀐 상황역전의 통쾌한 재미를 선사했다.

한편, 고민주인공 아내의 사려깊은 마지막 멘트가 모두를 감동시키며 큰 박수를 불렀다는 후문. 이에 이영자는 남편에게 “오늘 아내 자랑하러 나온것 같다”고 말해 집안일에 게으른 아내의 반전 스토리가 어떻게 펼쳐질지 시청자들의 궁금증을 수직상승 시키고 있다.

이 밖에도 이번 주 ‘안녕하세요’에서는 아내보다 술과 모임을 더 사랑하는 얄미운 남편들이 등장할 예정. 육아는 안 도와주고 아이 욕심만 가득한 ‘여보, 이젠 No!?’사연과 술만 마시면 깨지고 다치는 ‘가슴 철렁한 남자’ 사연이 소개된다. 

고민주인공이 완전히 뒤바뀌어 버린 ‘하…천불 납니다!’ 사연은 오늘(4일) 밤 11시 10분 KBS 2TV 대국민 토크쇼 ‘안녕하세요’를 통해 방송된다.",http://news.naver.com/main/ranking/read.nhn?rankingType=popular_day&oid=055&aid=0000646345&date=20180604&type=2&rankingSectionId=103&rankingSeq=15,20180604
entertainment,"송승헌X정수정X이시언, OCN '플레이어' 하반기 출격","[스포츠서울 조성경기자] OCN 새 오리지널 ‘플레이어’에 송승헌, 정수정, 이시언이 출연을 확정 지었다. 

‘플레이어(연출:고재현/극본:신재형/제작:스튜디오드래곤, 아이윌미디어)’는 천재 사기꾼, 자타공인 최고의 해커, 천부적 드라이버, 타고난 싸움꾼 등 각 분야에 뛰어난 재능을 갖고 있는 선수들의 통쾌한 복수극을 그린다. 자타공인 최고라 불리는 선수들이 불법으로 모은 은닉 재산들을 찾아내 환수하는 이야기로, 유쾌하고 통쾌한 액션 활극을 펼칠 예정이다. ‘블랙’, ‘신드롬’ 등을 담당한 고재현 감독이 연출을, 2011년 한국추리문학상 장편 소설 부문에서 신인상을 수상한 신재형 작가가 집필을 맡는다.

먼저 송승헌은 ‘플레이어’에서 천재 사기꾼 ‘강하리’역을 맡는다. ‘강하리’는 수려한 외모와 재치 있는 언변, 타고난 배짱으로 모든 이의 호감을 사는 인물이다. 검사 집안의 외동아들로 태어나 수재로 통했지만 불의의 사고로 가족을 떠나 보낸 후 거짓으로 둘러 쌓인 180도 달라진 인생을 살게 되는 것. ‘블랙’을 통해 생활연기부터 액션연기까지 폭 넓은 연기를 선보인바 있는 송승헌이 또 다른 연기 변신을 펼칠 것으로 기대를 모은다.
이미지 원본보기
다음으로 정수정은 월등한 운전실력을 자랑하는 베스트 드라이버 ‘차아령’으로 활약한다. 어린 시절부터 보육원에 맡겨졌고, 보육원을 나와서는 길거리에서 소매치기, 각종 문 따기 등 살아남기 위한 잡다한 기술을 배워나갔다. 그 중 가장 특출난 재능을 보인 분야가 바로 운전이다. 의리 없고 지긋지긋한 길거리 인생을 청산하고 싶은 ‘차아령’에게 어느 날 ‘강하리’가 등장하면서 새로운 인생을 살게 된다. ‘하백의 신부 2017’, ‘슬기로운 감빵생활’에서 인상 깊은 연기를 보였던 정수정의 첫 장르물 도전에 관심이 집중된다.
이미지 원본보기
이시언은 천부적인 해킹 능력을 갖고 있는 해커 ‘임병민’으로 등장한다. 어렸을 때부터 모든 것을 컴퓨터로 해결했던 ‘임병민’은 누구든 찾아내고 어떤 정보든 빼낼 수 있는 해커. 하지만 컴퓨터를 빼고 나면 소심하고 겁이 많은 인물이다. ‘임병민’만의 특출한 능력을 불법적인 곳에 이용하려는 사람들을 만나게 되면서 난처한 상황에 휘말리게 되고, 위험 속에서 ‘강하리’가 ‘임병민’을 구해내면서 운명적인 만남을 갖는다. 예능과 드라마를 넘나들며 활약하고 있는 배우 이시언이 선보일 이시언표 ‘임병민’ 캐릭터에 이목이 집중된다.

‘플레이어’ 제작진은 “개성 넘치는 배우들이 각각의 캐릭터를 더욱 흥미롭고 입체적으로 그려나갈 예정이다. 시원한 액션과 쫀쫀한 재미, 생동감 넘치는 작품으로 시청자를 찾아갈 예정이니 많은 기대 부탁드린다”고 전했다.

한편, 장르물의 본가 OCN이 새롭게 선보일 새 오리지널 ‘플레이어’는 ‘보이스2’ 후속으로 올 하반기에 첫방송될 예정이다. ",http://news.naver.com/main/ranking/read.nhn?rankingType=popular_day&oid=296&aid=0000036124&date=20180604&type=1&rankingSectionId=103&rankingSeq=16,20180604
entertainment,"[종합]""생애 처음"" 설현 '뭉뜬' 네 삼촌과 함께 첫 패키지여행","(서울=뉴스1) 윤효정 기자 = '뭉쳐야 뜬다' 설현과 '뭉뜬' 삼촌들이 프랑스에서 아름다운 추억을 공유했다. 

3일 밤 방송된 JTBC '패키지로 세계일주-뭉쳐야 뜬다'(이하 '뭉쳐야 뜬다')는 설현이 사상 첫 단독 여자 게스트로 출연해 김용만 김성주 안정환 정형돈과 프랑스-스위스 패키지 여행을 떠났다. 

이날 멤버들은 설현의 합류를 두고 설레는 마음을 드러냈다. 김용만은 설현이 털털한 성격인 것 같다며 머리도 감지 않고 출연할 것 같다고 예상했지만, 설현은 완벽한 미모로 등장했다. 

정형돈은 ""왜 이렇게 살이 빠졌냐. 혹시 컴백하냐""고 질문을 던졌다. 설현은 ""어제 앨범 재킷 사진을 찍었다""고 답했다. '뭉쳐야 뜬다' 멤버들은 ""정말 예뻐졌다""고 연신 감탄했다. 

설현은 ""해외 여행은 가봤는데 패키지 여행은 처음이다""고 호기심을 드러냈다. 설현은 '가리는 음식이 있냐'는 물음에 ""햄버거를 안 먹는다. 맛이 있는지 잘 모르겠다. 한식을 좋아한다""고 답했다. 

또 설현은 ""다이어트 중이어서 내가 먹을 것만 싸왔다. 다른 분들이 드실 것 같지는 않다. 프로틴(단백질 보충제)을 챙겨왔다""고 말했다. 이에 정형돈은 관심이 식어 ""그건 너 먹어""라고 말해 웃음을 자아냈다. 

설현과 함께 하는 여행에서 네 명의 '뭉뜬' 멤버들은 보디가드를 자처하며 설현의 곁을 지켰다. 멤버들은 이번 여행에선 '동생 설현 맛있는 것 사줘야 한다'며 적극적으로 환전해 눈길을 끌었다. 

프랑스에 도착한 후 첫 여행지는 프랑스의 상징 에펠탑이었다. 맑은 날씨, 아름다운 에펠탑 풍경을 바라보는 여행자들은 연신 감탄사를 쏟아냈다. 정형돈은 설현을 주인공으로 한 뮤직비디오를 찍기로 하고 에펠탑에서 첫 촬영을 시작했다. 이어 노트르담 대성당을 감상했다. 

이날 패키지 여행객 중에는 가족 여행을 온 세 자매와 어머니가 있었다. 설현도 ""나도 집에서 둘째다. 언니와 6세 차이다. 언니랑 싸운 기억은 별로 없다""고 언급했다. 

안정환은 ""옷 몰래 입고 나가면 싸움나지 않냐""고 했다. 설현도 ""나도 유일하게 싸운 이유가 옷 때문이었다. 나는 나이 차이가 워낙 많이 나서 싸우는 것은 아니고 언니가 '들어와'라고 하면 들어가곤 했다""고 말했다. 

파리의 예술가들이 모여 있다는 몽마르트르 언덕으로 자리를 옮겼다. 멤버들은 초상화를 갖고자 화가들 앞에 앉았다. 그러나 설현은 자신과 전혀 닮지 않은 초상화를 받고서는 시무룩해져 웃음을 자아냈다. 

정형돈은 사크레쾨레 성당에 도착하자 다시 카메라를 꺼내 들고 설현을 불렀다. 멤버들은 ""조금 있으면 설현이 너한테 욕할 것 같다""고 해 웃음을 자아냈다. 유람선 바토무슈 투어를 끝으로 파리에서의 첫날을 마무리했다.",http://news.naver.com/main/ranking/read.nhn?rankingType=popular_day&oid=014&aid=0004033202&date=20180604&type=1&rankingSectionId=103&rankingSeq=17,20180604
entertainment,"""깜찍 귀요미""…유진♥기태영 딸 로희의 근황","[스포츠조선 남재륜 기자] 가수 겸 배우 유진이 딸 로희의 근황을 공개했다. 

유진은 4일 자신의 인스타그램에 ""열공 아니고 열색공~! 기술이 많이 늘었다 ㅋㅋㅋ 근데 왜 소리가 녹음이 안됐지..""라는 글과 함께 동영상을 게재했다. 

공개된 영상에서 로희는 색칠공부에 푹 빠져있는 모습이다. 로희는 엄마 아빠를 닮은 붕어빵 외모와 귀엽고 깜찍한 표정으로 보는 이들을 흐뭇하게 한다. 로희는 KBS 2TV '슈퍼맨이 돌아왔다'에서 귀여운 모습으로 전국민의 큰 사랑을 받은 바 있다. 

S.E.S 출신 배우 유진은 딸 로희 동생을 임신 중이며 오는 가을 출산 예정이다. 유진 소속사 C9 측은 지난 4월 ""유진씨 임신으로 앞으로 태교와 함께 무리가 가지 않는 선에서 활동을 이어갈 계획'이라고 알린 바 있다. ",http://news.naver.com/main/ranking/read.nhn?rankingType=popular_day&oid=047&aid=0002191885&date=20180604&type=1&rankingSectionId=103&rankingSeq=18,20180604
entertainment,"독전', 2018 개봉 韓영화 최고스코어 기록‥흥행독주 이어간다","[헤럴드POP=이혜랑기자] 개봉 12일 만에 300만 관객을 돌파한 영화'독전'이 뜨거운 입소문과 N차 관람 열풍을 일으키며 개봉 이후 독보적으로 박스오피스 1위 자리를 지키고 있는 가운데 2018년 개봉 한국영화 최고 스코어까지 기록하며 꺾일 줄 모르는 흥행세를 보이고 있다. 

아시아를 지배하는 유령 마약 조직의 실체를 두고 펼쳐지는 독한 자들의 전쟁을 그린 범죄극 '독전'이 흔들림 없는 흥행세를 이어가며 이목을 집중시키는 흥행 성적을 거두고 있다. 

영화진흥위원회 통합전산망(6월 4일 오전 7시 기준)에 따르면 '독전'은 주말 동안 98만 명을 동원, 누적 관객수 3,530,774명을 기록하며 역대급 흥행 돌풍과 함께 극장가를 완벽 장악했다. '독전'은 올해 한국영화 개봉작 중 최단 기간에 300만 관객을 돌파한 것에 이어, 341만 관객을 동원하며 2018년 국내 개봉작 최고 흥행작으로 자리매김한 '그것만이 내 세상'의 흥행 성적까지 뛰어넘고 새로운 흥행 기록을 쓰고 있다. 

특히 이와 같은 흥행 성적은 '데드풀 2', '어벤져스: 인피니티 워' 등 외화 대작 사이에서 이룬 결과로, 한국영화의 자존심을 세운 것으로 더욱 의미가 깊다. 여기에 개봉 이후 13일간 흔들림 없는 흥행세로 박스오피스 1위를 놓치지 않았음은 물론 개봉 2주차 내내 좌석점유율 1위를 차지한 만큼, 개봉 3주차에 접어들며 본격적인 장기 흥행 질주를 시작한 '독전'이 향후 어떤 흥행 성적을 거둘지 관심을 모은다. 

뜨거운 호평과 입소문으로 2018년 개봉 한국영화 최고 스코어를 경신하며 장기 흥행을 예고한 '독전'은 전국 극장가에서 절찬 상영 중이다. ",http://news.naver.com/main/ranking/read.nhn?rankingType=popular_day&oid=015&aid=0003954250&date=20180604&type=1&rankingSectionId=103&rankingSeq=19,20180604
entertainment,"김나영, 출산 앞두고 여유로운 휴가…뚜렷한 D라인 눈길","[TV리포트=조혜련 기자] 방송인 김나영이 둘째 출산을 앞두고 여유로운 휴가를 즐겼다.

김나영은 4일 자신의 인스타그램에 한 장의 사진을 게재했다. 공개된 사진 속에는 검은색 비키니를 입고 수영장 물 위에 편안하게 떠 있는 그의 모습이 담겼다. 무엇보다 뚜렷한 D라인이 눈길을 끈다.

이에 앞서 김나영은 “휴가 왔다. 월동이 태어나기 전, 좋아하는 언니들과 아무것도 안 하는 휴가 왔다. 잘 먹고 잘 쉬다 최신우에게 갈 것”이라며 “멋있게 휴가 보내 준 최신우 부친! 고마워요”라고 전한 바 있다.

김나영은 지난 2015년, 10살 연상의 남편과 웨딩마치를 울렸다. 다음 해에 첫 아들 신우 군을 출산한 김나영은 현재 둘째 월동이를 임신 중이다. 올여름 출산 예정이다.",http://news.naver.com/main/ranking/read.nhn?rankingType=popular_day&oid=047&aid=0002191860&date=20180604&type=1&rankingSectionId=103&rankingSeq=20,20180604